frame,Red,Red2,Green,LightGreen,Yellow,Blue,Orange,Total
1,0,0,0,0,0,0,0,0
2,0,0,0,0,0,0,0,0
3,0,0,0,0,0,0,0,0
4,0,0,0,0,0,0,0,0
5,0,0,0,0,0,0,0,0
6,0,0,0,0,0,0,0,0
7,0,0,0,0,0,0,0,0
8,0,0,0,0,0,0,0,0
9,0,0,0,0,0,0,0,0
10,0,0,0,0,0,0,0,0
11,0,0,0,0,0,0,0,0
12,0,0,0,0,0,0,0,0
13,0,0,0,0,0,0,0,0
14,0,0,0,0,0,0,0,0
15,0,0,0,0,0,0,0,0
16,0,0,0,0,0,0,0,0
17,0,0,0,0,0,0,0,0
18,0,0,0,0,0,0,0,0
19,0,0,0,0,0,0,0,0
20,0,0,0,0,0,0,0,0
21,0,0,0,0,0,0,0,0
22,0,0,0,0,0,0,0,0
23,0,0,0,0,0,0,0,0
24,0,0,0,0,0,0,0,0
25,0,0,0,0,0,0,0,0
26,0,0,0,0,0,0,0,0
27,0,0,0,0,0,0,0,0
28,0,0,0,0,0,0,0,0
29,0,0,0,0,0,0,0,0
30,0,0,0,0,0,0,0,0
31,0,0,0,0,0,0,0,0
32,0,0,0,0,0,0,0,0
33,0,0,0,0,0,0,0,0
34,0,0,0,0,0,0,0,0
35,0,0,0,0,0,0,0,0
36,0,0,0,0,0,0,0,0
37,0,0,0,0,0,0,0,0
38,0,0,0,0,0,0,0,0
39,0,0,0,0,0,0,0,0
40,0,0,0,0,0,0,0,0
41,0,0,0,0,0,0,0,0
42,0,0,0,0,0,0,0,0
43,0,0,0,0,0,0,0,0
44,0,0,0,0,0,0,0,0
45,0,0,0,0,0,0,0,0
46,0,0,0,0,0,0,0,0
47,0,0,0,0,0,0,0,0
48,0,0,0,0,0,0,0,0
49,0,0,0,0,0,0,0,0
50,0,0,0,0,0,0,0,0
51,0,0,0,0,0,0,0,0
52,0,0,0,0,0,0,0,0
53,0,0,0,0,0,0,0,0
54,0,0,0,0,0,0,0,0
55,0,0,0,0,0,0,0,0
56,0,0,0,0,0,0,0,0
57,0,0,0,0,0,0,0,0
58,0,0,0,0,0,0,0,0
59,0,0,0,0,0,0,0,0
60,0,0,0,0,0,0,0,0
61,0,0,0,0,0,0,0,0
62,0,0,0,0,0,0,0,0
63,0,0,0,0,0,0,0,0
64,0,0,0,0,0,0,0,0
65,0,0,0,0,0,0,0,0
66,0,0,0,0,0,0,0,0
67,0,0,0,0,0,0,0,0
68,0,0,0,0,0,0,0,0
69,0,0,0,0,0,0,0,0
70,0,0,0,0,0,0,0,0
71,0,0,0,0,0,0,0,0
72,0,0,0,0,0,0,0,0
73,0,0,0,0,0,0,0,0
74,0,0,0,0,0,0,0,0
75,0,0,0,0,0,0,0,0
76,0,0,0,0,0,0,0,0
77,0,0,0,0,0,0,0,0
78,0,0,0,0,0,0,0,0
79,0,0,0,0,0,0,0,0
80,0,0,0,0,0,0,0,0
81,0,0,0,0,0,0,0,0
82,0,0,0,0,0,0,0,0
83,0,0,0,0,0,0,0,0
84,0,0,0,0,0,0,0,0
85,0,0,0,0,0,0,0,0
86,0,0,0,0,0,0,0,0
87,0,0,0,0,0,0,0,0
88,0,0,0,0,0,0,0,0
89,0,0,0,0,0,0,0,0
90,0,0,0,0,0,0,0,0
91,0,0,0,0,0,0,0,0
92,0,0,0,0,0,0,0,0
93,0,0,0,0,0,0,0,0
94,0,0,0,0,0,0,0,0
95,0,0,0,0,0,0,0,0
96,0,0,0,0,0,0,0,0
97,0,0,0,0,0,0,0,0
98,0,0,0,0,0,0,0,0
99,0,0,0,0,0,0,0,0
100,0,0,0,0,0,0,0,0
101,0,0,0,0,0,0,0,0
102,0,0,0,0,0,0,0,0
103,0,0,0,0,0,0,0,0
104,0,0,0,0,0,0,0,0
105,0,0,0,0,0,0,0,0
106,0,0,0,0,0,0,0,0
107,0,0,0,0,0,0,0,0
108,0,0,0,0,0,0,0,0
109,0,0,0,0,0,0,0,0
110,0,0,0,0,0,0,0,0
111,0,0,0,0,0,0,0,0
112,0,0,0,0,0,0,0,0
113,0,0,0,0,0,0,0,0
114,0,0,0,0,0,0,0,0
115,0,0,0,0,0,0,0,0
116,0,0,0,0,0,0,0,0
117,0,0,0,0,0,0,0,0
118,0,0,0,0,0,0,0,0
119,0,0,0,0,0,0,0,0
120,0,0,0,0,0,0,0,0
121,0,0,0,0,0,0,0,0
122,0,0,0,0,0,0,0,0
123,0,0,0,0,0,0,0,0
124,0,0,0,0,0,0,0,0
125,0,0,0,0,0,0,0,0
126,0,0,0,0,0,0,0,0
127,0,0,0,0,0,0,0,0
128,0,0,0,0,0,0,0,0
129,0,0,0,0,0,0,0,0
130,0,0,0,0,0,0,0,0
131,0,0,0,0,0,0,0,0
132,0,0,0,0,0,0,0,0
133,0,0,0,0,0,0,0,0
134,0,0,0,0,0,0,0,0
135,0,0,0,0,0,0,0,0
136,0,0,0,0,0,0,0,0
137,0,0,0,0,0,0,0,0
138,0,0,0,0,0,0,0,0
139,0,0,0,0,0,0,0,0
140,0,0,0,0,0,0,0,0
141,0,0,0,0,0,0,0,0
142,0,0,0,0,0,0,0,0
143,0,0,0,0,0,0,0,0
144,0,0,0,0,0,0,0,0
145,0,0,0,0,0,0,0,0
146,0,0,0,0,0,0,0,0
147,0,0,0,0,0,0,0,0
148,0,0,0,0,0,0,0,0
149,0,0,0,0,0,0,0,0
150,0,0,0,0,0,0,0,0
151,0,0,0,0,0,0,0,0
152,0,0,0,0,0,0,0,0
153,0,0,0,0,0,0,0,0
154,0,0,0,0,0,0,0,0
155,0,0,0,0,0,0,0,0
156,0,0,0,0,0,0,0,0
157,0,0,0,0,0,0,0,0
158,0,0,0,0,0,0,0,0
159,0,0,0,0,0,0,0,0
160,0,0,0,0,0,0,0,0
161,0,0,0,0,0,0,0,0
162,0,0,0,0,0,0,0,0
163,0,0,0,0,0,0,0,0
164,0,0,0,0,0,0,0,0
165,0,0,0,0,0,0,0,0
166,0,0,0,0,0,0,0,0
167,0,0,0,0,0,0,0,0
168,0,0,0,0,0,0,0,0
169,0,0,0,0,0,0,0,0
170,0,0,0,0,0,0,0,0
171,0,0,0,0,0,0,0,0
172,0,0,0,0,0,0,0,0
173,0,0,0,0,0,0,0,0
174,0,0,0,0,0,0,0,0
175,0,0,0,0,0,0,0,0
176,0,0,0,0,0,0,0,0
177,0,0,0,0,0,0,0,0
178,0,0,0,0,0,0,0,0
179,0,0,0,0,0,0,0,0
180,0,0,0,0,0,0,0,0
181,0,0,0,0,0,0,0,0
182,0,0,0,0,0,0,0,0
183,0,0,0,0,0,0,0,0
184,0,0,0,0,0,0,0,0
185,0,0,0,0,0,0,0,0
186,0,0,0,0,0,0,0,0
187,0,0,0,0,0,0,0,0
188,0,0,0,0,0,0,0,0
189,0,0,0,0,0,0,0,0
190,0,0,0,0,0,0,0,0
191,0,0,0,0,0,0,0,0
192,0,0,0,0,0,0,0,0
193,0,0,0,0,0,0,0,0
194,0,0,0,0,0,0,0,0
195,0,0,0,0,0,0,0,0
196,0,0,0,0,0,0,0,0
197,0,0,0,0,0,0,0,0
198,0,0,0,0,0,0,0,0
199,0,0,0,0,0,0,0,0
200,0,0,0,0,0,0,0,0
201,0,0,0,0,0,0,0,0
202,0,0,0,0,0,0,0,0
203,0,0,0,0,0,0,0,0
204,0,0,0,0,0,0,0,0
205,0,0,0,0,0,0,0,0
206,0,0,0,0,0,0,0,0
207,0,0,0,0,0,0,0,0
208,0,0,0,0,0,0,0,0
209,0,0,0,0,0,0,0,0
210,0,0,0,0,0,0,0,0
211,0,0,0,0,0,0,0,0
212,0,0,0,0,0,0,0,0
213,0,0,0,0,0,0,0,0
214,0,0,0,0,0,0,0,0
215,0,0,0,0,0,0,0,0
216,0,0,0,0,0,0,0,0
217,0,0,0,0,0,0,0,0
218,0,0,0,0,0,0,0,0
219,0,0,0,0,0,0,0,0
220,0,0,0,0,0,0,0,0
221,0,0,0,0,0,0,0,0
222,0,0,0,0,0,0,0,0
223,0,0,0,0,0,0,0,0
224,0,0,0,0,0,0,0,0
225,0,0,0,0,0,0,0,0
226,0,0,0,0,0,0,0,0
227,0,0,0,0,0,0,0,0
228,0,0,0,0,0,0,0,0
229,0,0,0,0,0,0,0,0
230,0,0,0,0,0,0,0,0
231,0,0,0,0,0,0,0,0
232,0,0,0,0,0,0,0,0
233,0,0,0,0,0,0,0,0
234,0,0,0,0,0,0,0,0
235,0,0,0,0,0,0,0,0
236,0,0,0,0,0,0,0,0
237,0,0,0,0,0,0,0,0
238,0,0,0,0,0,0,0,0
239,0,0,0,0,0,0,0,0
240,0,0,0,0,0,0,0,0
241,0,0,0,0,0,0,0,0
242,0,0,0,0,0,0,0,0
243,0,0,0,0,0,0,0,0
244,0,0,0,0,0,0,0,0
245,0,0,0,0,0,0,0,0
246,0,0,0,0,0,0,0,0
247,0,0,0,0,0,0,0,0
248,0,0,0,0,0,0,0,0
249,0,0,0,0,0,0,0,0
250,0,0,0,0,0,0,0,0
251,0,0,0,0,0,0,0,0
252,0,0,0,0,0,0,0,0
253,0,0,0,0,0,0,0,0
254,0,0,0,0,0,0,0,0
255,0,0,0,0,0,0,0,0
256,0,0,0,0,0,0,0,0
257,0,0,0,0,0,0,0,0
258,0,0,0,0,0,0,0,0
259,0,0,0,0,0,0,0,0
260,0,0,0,0,0,0,0,0
261,0,0,0,0,0,0,0,0
262,0,0,0,0,0,0,0,0
263,0,0,0,0,0,0,0,0
264,0,0,0,0,0,0,0,0
265,0,0,0,0,0,0,0,0
266,0,0,0,0,0,0,0,0
267,0,0,0,0,0,0,0,0
268,0,0,0,0,0,0,0,0
269,0,0,0,0,0,0,0,0
270,0,0,0,0,0,0,0,0
271,0,0,0,0,0,0,0,0
272,0,0,0,0,0,0,0,0
273,0,0,0,0,0,0,0,0
274,0,0,0,0,0,0,0,0
275,0,0,0,0,0,0,0,0
276,0,0,0,0,0,0,0,0
277,0,0,0,0,0,0,0,0
278,0,0,0,0,0,0,0,0
279,0,0,0,0,0,0,0,0
280,0,0,0,0,0,0,0,0
281,0,0,0,0,0,0,0,0
282,0,0,0,0,0,0,0,0
283,0,0,0,0,0,0,0,0
284,0,0,0,0,0,0,0,0
285,0,0,0,0,0,0,0,0
286,0,0,0,0,0,0,0,0
287,0,0,0,0,0,0,0,0
288,0,0,0,1,0,0,0,1
289,0,0,0,1,0,0,0,1
290,0,0,1,1,0,0,0,2
291,0,0,1,1,0,0,0,2
292,0,0,1,1,0,0,0,2
293,0,0,1,1,0,0,0,2
294,0,0,1,1,0,0,0,2
295,0,0,1,1,0,0,0,2
296,0,0,1,1,0,0,0,2
297,0,0,1,1,0,0,0,2
298,0,0,1,1,0,0,0,2
299,0,0,1,1,0,0,0,2
300,0,0,1,1,0,0,0,2
301,0,0,1,1,0,0,0,2
302,0,0,1,1,0,0,0,2
303,0,0,1,1,0,0,0,2
304,0,0,1,1,0,0,0,2
305,0,0,1,1,0,0,0,2
306,0,0,1,1,0,0,0,2
307,0,0,1,1,0,0,0,2
308,0,0,1,1,0,0,0,2
309,0,0,1,1,0,0,0,2
310,0,0,1,1,0,0,0,2
311,0,0,1,1,0,0,0,2
312,0,0,1,1,0,0,0,2
313,0,0,1,1,0,0,0,2
314,0,0,1,1,0,0,0,2
315,0,0,1,1,0,0,0,2
316,0,0,1,1,0,0,0,2
317,0,0,1,1,0,0,0,2
318,0,0,1,1,0,0,0,2
319,0,0,1,1,0,0,0,2
320,0,0,1,1,0,0,0,2
321,0,0,1,1,0,0,0,2
322,0,0,1,1,0,0,0,2
323,0,0,1,1,0,0,0,2
324,0,0,1,1,0,0,0,2
325,0,0,1,1,0,0,0,2
326,0,0,1,1,0,0,0,2
327,0,0,1,1,0,0,0,2
328,0,0,1,1,0,0,0,2
329,0,0,1,1,0,0,0,2
330,0,0,1,1,0,0,0,2
331,0,0,1,1,0,0,0,2
332,0,0,1,1,0,0,0,2
333,0,0,1,1,0,0,0,2
334,0,0,1,1,0,0,0,2
335,0,0,1,1,0,0,0,2
336,0,0,1,1,0,0,0,2
337,0,0,1,1,0,0,0,2
338,0,0,1,1,0,0,0,2
339,0,0,1,1,0,0,0,2
340,0,0,1,1,0,0,0,2
341,0,0,1,1,0,0,0,2
342,0,0,1,1,0,0,0,2
343,0,0,1,1,0,0,0,2
344,0,0,1,1,0,0,0,2
345,0,0,1,1,0,0,0,2
346,0,0,1,1,0,0,0,2
347,0,0,1,1,0,0,0,2
348,0,0,1,1,0,0,0,2
349,0,0,1,1,0,0,0,2
350,0,0,1,1,0,0,0,2
351,0,0,1,1,0,0,0,2
352,0,0,1,1,0,0,0,2
353,0,0,1,1,0,0,0,2
354,0,0,0,1,0,0,0,1
355,0,0,0,1,0,0,0,1
356,0,0,0,1,0,0,0,1
357,0,0,0,1,0,0,0,1
358,0,0,0,1,0,0,0,1
359,0,0,0,1,0,0,0,1
360,1,0,0,1,0,0,0,2
361,1,0,0,1,0,0,0,2
362,1,0,0,1,0,0,0,2
363,1,0,0,1,0,0,0,2
364,1,0,0,1,0,0,0,2
365,1,0,0,1,0,0,0,2
366,1,0,0,1,0,0,0,2
367,1,0,0,1,0,0,0,2
368,1,0,0,1,0,0,0,2
369,1,0,0,1,0,0,0,2
370,1,0,0,1,0,0,0,2
371,1,0,0,1,0,0,0,2
372,1,0,0,1,0,0,0,2
373,1,0,0,1,0,0,0,2
374,1,0,0,1,0,0,0,2
375,1,0,0,1,0,0,0,2
376,1,0,0,1,0,0,0,2
377,1,0,0,1,0,0,0,2
378,1,0,0,1,0,0,0,2
379,1,0,0,1,0,0,0,2
380,1,0,0,1,0,0,0,2
381,1,0,0,1,0,0,0,2
382,1,0,0,1,0,0,0,2
383,1,0,0,1,0,0,0,2
384,1,0,0,1,0,0,0,2
385,1,0,1,1,0,0,0,3
386,1,0,1,1,0,0,0,3
387,1,0,1,1,0,0,0,3
388,1,0,1,1,0,0,0,3
389,1,0,0,1,0,0,0,2
390,1,0,0,1,0,0,0,2
391,1,0,1,1,0,0,0,3
392,1,0,0,1,0,0,0,2
393,1,0,0,1,0,0,0,2
394,1,0,1,1,0,0,0,3
395,1,0,1,1,0,0,0,3
396,1,0,1,1,0,0,0,3
397,1,0,1,1,0,0,0,3
398,1,0,1,1,0,0,0,3
399,1,0,0,1,0,0,0,2
400,1,0,0,1,0,0,0,2
401,1,0,0,1,0,0,0,2
402,1,0,0,1,0,0,0,2
403,1,0,0,1,0,0,0,2
404,1,0,0,1,0,0,0,2
405,1,0,0,1,0,0,0,2
406,1,0,0,1,0,0,0,2
407,1,0,0,1,0,0,0,2
408,1,0,0,1,0,0,0,2
409,1,0,0,1,0,0,0,2
410,1,0,0,1,0,0,0,2
411,1,0,0,1,0,0,0,2
412,1,0,0,0,0,0,0,1
413,1,0,0,0,0,0,0,1
414,1,0,0,0,0,0,0,1
415,1,0,0,0,0,0,0,1
416,1,0,0,0,0,0,0,1
417,1,0,0,0,0,0,0,1
418,1,0,0,0,0,0,0,1
419,1,0,0,0,0,0,0,1
420,1,0,0,0,0,0,0,1
421,1,0,0,0,0,0,0,1
422,1,0,0,0,0,0,0,1
423,1,0,0,0,0,0,0,1
424,1,0,0,0,0,0,0,1
425,1,0,0,0,0,0,0,1
426,1,0,0,0,0,0,0,1
427,1,0,0,0,0,0,0,1
428,1,0,0,0,0,0,0,1
429,1,0,0,0,0,0,0,1
430,1,0,0,0,0,0,0,1
431,1,0,0,0,0,0,0,1
432,1,0,0,0,0,0,0,1
433,1,0,0,0,0,0,0,1
434,1,0,0,0,0,0,0,1
435,1,0,0,0,0,0,0,1
436,1,0,0,0,0,0,0,1
437,1,0,0,0,0,0,0,1
438,1,0,0,0,0,0,0,1
439,1,0,0,0,0,0,0,1
440,1,0,0,0,0,0,0,1
441,1,0,0,0,0,0,0,1
442,1,0,0,0,0,0,0,1
443,1,0,0,0,0,0,0,1
444,1,0,0,0,0,0,0,1
445,1,0,0,0,0,0,0,1
446,1,0,0,0,0,0,0,1
447,1,0,0,0,0,0,0,1
448,1,0,0,0,0,0,0,1
449,1,0,0,0,0,0,0,1
450,1,0,0,0,0,0,0,1
451,1,0,0,0,0,0,0,1
452,1,0,0,0,0,0,0,1
453,1,0,0,0,0,0,0,1
454,1,0,0,0,0,0,0,1
455,1,0,0,0,0,0,0,1
456,1,0,0,0,0,0,0,1
457,1,0,0,0,0,0,0,1
458,1,0,0,0,0,0,0,1
459,1,0,0,0,0,0,0,1
460,1,0,0,0,0,0,0,1
461,1,0,0,0,0,0,0,1
462,1,0,0,0,0,0,0,1
463,1,0,0,0,0,0,0,1
464,1,0,0,0,0,0,0,1
465,1,0,0,0,0,0,0,1
466,1,0,0,0,0,0,0,1
467,1,0,0,0,0,0,0,1
468,1,0,0,0,0,0,0,1
469,1,0,0,0,0,0,0,1
470,0,0,0,0,0,0,0,0
471,0,0,0,0,0,0,0,0
472,0,0,0,0,0,0,0,0
473,0,0,0,0,0,0,0,0
474,0,0,0,0,0,0,0,0
475,0,0,0,0,0,0,0,0
476,0,0,0,0,0,0,0,0
477,0,0,0,0,0,0,0,0
478,0,0,0,0,0,0,0,0
479,0,0,0,0,0,0,0,0
480,0,0,0,0,0,0,0,0
481,0,0,0,0,0,0,0,0
482,0,0,0,0,0,0,0,0
483,0,0,0,0,0,0,0,0
484,0,0,0,0,0,0,0,0
485,0,0,0,0,0,0,0,0
486,0,0,0,0,0,0,0,0
487,0,0,0,0,0,0,0,0
488,0,0,0,0,0,0,0,0
489,0,0,0,0,0,0,0,0
490,0,0,0,0,0,0,0,0
491,0,0,0,0,0,0,0,0
492,0,0,0,0,0,0,0,0
493,0,0,0,0,0,0,0,0
494,0,0,0,0,0,0,0,0
495,0,0,0,0,0,0,0,0
496,0,0,0,0,0,0,0,0
497,0,0,0,0,0,0,0,0
498,0,0,0,0,0,0,0,0
499,0,0,0,0,0,0,0,0
500,0,0,0,0,0,0,0,0
501,0,0,0,0,0,0,0,0
502,0,0,0,0,0,0,0,0
503,0,0,0,0,0,0,0,0
504,0,0,0,0,0,0,0,0
505,0,0,0,0,0,0,0,0
506,0,0,0,0,0,0,0,0
507,0,0,0,0,0,0,0,0
508,0,0,0,0,0,0,0,0
509,0,0,0,0,0,0,0,0
510,0,0,0,0,0,0,0,0
511,0,0,0,0,0,0,0,0
512,0,0,0,0,0,0,0,0
513,0,0,0,0,0,0,0,0
514,0,0,0,0,0,0,0,0
515,0,0,0,0,0,0,0,0
516,0,0,0,0,0,0,0,0
517,0,0,0,0,0,0,0,0
518,0,0,0,1,0,0,0,1
519,0,0,1,1,0,0,0,2
520,0,0,1,1,0,0,0,2
521,0,0,1,1,0,0,0,2
522,0,0,1,1,0,0,0,2
523,0,0,1,1,0,0,0,2
524,0,0,1,1,0,0,0,2
525,0,0,1,1,0,0,0,2
526,0,0,1,1,0,0,0,2
527,0,0,1,1,0,0,0,2
528,0,0,1,1,0,0,0,2
529,0,0,1,1,0,0,0,2
530,0,0,1,1,0,0,0,2
531,0,0,1,1,0,0,0,2
532,0,0,1,1,0,0,0,2
533,0,0,1,1,0,0,0,2
534,0,0,1,1,0,0,0,2
535,0,0,1,1,0,0,0,2
536,0,0,1,1,0,0,0,2
537,0,0,1,1,0,0,0,2
538,0,0,1,1,0,0,0,2
539,0,0,1,1,0,0,0,2
540,0,0,1,1,0,0,0,2
541,0,0,1,1,0,0,0,2
542,0,0,1,1,0,0,0,2
543,0,0,1,1,0,0,0,2
544,0,0,1,1,0,0,0,2
545,0,0,1,1,0,0,0,2
546,0,0,1,1,0,0,0,2
547,0,0,1,1,0,0,0,2
548,0,0,1,1,0,0,0,2
549,0,0,1,1,0,0,0,2
550,0,0,1,1,0,0,0,2
551,0,0,1,1,0,0,0,2
552,0,0,1,1,0,0,0,2
553,0,0,1,1,0,0,0,2
554,0,0,1,1,0,0,0,2
555,0,0,1,1,0,0,0,2
556,0,0,1,1,0,0,0,2
557,0,0,1,1,0,0,0,2
558,0,0,1,1,0,0,0,2
559,0,0,1,1,0,0,0,2
560,0,0,1,1,0,0,0,2
561,0,0,1,1,0,0,0,2
562,0,0,1,1,0,0,0,2
563,0,0,1,1,0,0,0,2
564,0,0,1,1,0,0,0,2
565,0,0,1,1,0,0,0,2
566,0,0,1,1,0,0,0,2
567,0,0,1,1,0,0,0,2
568,0,0,1,1,0,0,0,2
569,0,0,1,1,0,0,0,2
570,0,0,1,1,0,0,0,2
571,0,0,1,1,0,0,0,2
572,0,0,1,1,0,0,0,2
573,0,0,1,1,0,0,0,2
574,0,0,1,1,0,0,0,2
575,0,0,1,1,0,0,0,2
576,0,0,1,1,0,0,0,2
577,0,0,1,1,0,0,0,2
578,0,0,1,1,0,0,0,2
579,0,0,1,1,0,0,0,2
580,0,0,2,1,0,0,0,3
581,0,0,2,1,0,0,0,3
582,0,0,2,1,0,0,0,3
583,0,0,2,1,0,0,0,3
584,0,0,2,1,0,0,0,3
585,0,0,2,1,0,0,0,3
586,0,0,2,1,0,0,0,3
587,0,0,2,1,0,0,0,3
588,0,0,2,1,0,0,0,3
589,0,0,2,1,0,0,0,3
590,0,0,2,1,0,0,0,3
591,0,0,2,1,0,0,0,3
592,0,0,2,1,0,0,0,3
593,0,0,2,1,0,0,0,3
594,0,0,2,1,0,0,0,3
595,0,0,2,1,0,0,0,3
596,0,0,2,1,0,0,0,3
597,0,0,2,2,0,0,0,4
598,0,0,2,2,0,0,0,4
599,0,0,2,2,0,0,0,4
600,0,0,2,2,0,0,0,4
601,0,0,2,2,0,0,0,4
602,0,0,1,2,0,0,0,3
603,0,0,1,2,0,0,0,3
604,0,0,1,2,0,0,0,3
605,0,0,1,2,0,0,0,3
606,0,0,1,2,0,0,0,3
607,0,0,1,2,0,0,0,3
608,0,0,2,2,0,0,0,4
609,0,0,2,2,0,0,0,4
610,0,0,2,2,0,0,0,4
611,0,0,2,2,0,0,0,4
612,0,0,2,2,0,0,0,4
613,0,0,2,2,0,0,0,4
614,0,0,2,2,0,0,0,4
615,0,0,2,2,0,0,0,4
616,0,0,2,2,0,0,0,4
617,0,0,2,2,0,0,0,4
618,0,0,2,2,0,0,0,4
619,0,0,2,2,0,0,0,4
620,0,0,2,2,0,0,0,4
621,0,0,2,2,0,0,0,4
622,0,0,2,2,0,0,0,4
623,0,0,2,2,0,0,0,4
624,0,0,2,2,0,0,0,4
625,0,0,2,2,0,0,0,4
626,0,0,2,2,0,0,0,4
627,0,0,2,2,0,0,0,4
628,0,0,2,2,0,0,0,4
629,0,0,2,2,0,0,0,4
630,0,0,2,2,0,0,0,4
631,0,0,2,2,0,0,0,4
632,0,0,2,2,0,0,0,4
633,0,0,2,2,0,0,0,4
634,0,0,1,2,0,0,0,3
635,0,0,1,2,0,0,0,3
636,0,0,1,2,0,0,0,3
637,0,0,1,2,0,0,0,3
638,0,0,0,2,0,0,0,2
639,0,0,0,2,0,0,0,2
640,0,0,1,2,0,0,0,3
641,0,0,0,2,0,0,0,2
642,0,0,0,1,0,0,0,1
643,0,0,0,1,0,0,0,1
644,0,0,0,1,0,0,0,1
645,0,0,0,1,0,0,0,1
646,0,0,0,1,0,0,0,1
647,0,0,0,1,0,0,0,1
648,0,0,0,1,0,0,0,1
649,0,0,0,1,0,0,0,1
650,0,0,0,1,0,0,0,1
651,0,0,0,1,0,0,0,1
652,0,0,0,1,0,0,0,1
653,0,0,0,1,0,0,0,1
654,0,0,0,1,0,0,0,1
655,0,0,0,1,0,0,0,1
656,0,0,0,1,0,0,0,1
657,0,0,0,1,0,0,0,1
658,0,0,0,1,0,0,0,1
659,0,0,0,1,0,0,0,1
660,0,0,0,1,0,0,0,1
661,0,0,0,1,0,0,0,1
662,0,0,0,1,0,0,0,1
663,0,0,0,1,0,0,0,1
664,0,0,0,1,0,0,0,1
665,0,0,0,1,0,0,0,1
666,0,0,0,1,0,0,0,1
667,0,0,0,1,0,0,0,1
668,0,0,0,1,0,0,0,1
669,0,0,0,1,0,0,0,1
670,0,0,0,1,0,0,0,1
671,0,0,0,1,0,0,0,1
672,0,0,0,1,0,0,0,1
673,0,0,0,1,0,0,0,1
674,0,0,0,1,0,0,0,1
675,0,0,0,1,0,0,0,1
676,0,0,0,1,0,0,0,1
677,0,0,0,1,0,0,0,1
678,0,0,0,1,0,0,0,1
679,0,0,0,1,0,0,0,1
680,0,0,0,1,0,0,0,1
681,0,0,0,1,0,0,0,1
682,0,0,0,1,0,0,0,1
683,0,0,0,1,0,0,0,1
684,0,0,0,1,0,0,0,1
685,0,0,0,1,0,0,0,1
686,0,0,0,1,0,0,0,1
687,0,0,0,1,0,0,0,1
688,0,0,0,1,0,0,0,1
689,0,0,0,1,0,0,0,1
690,0,0,0,1,0,0,0,1
691,0,0,0,1,0,0,0,1
692,0,0,0,1,0,0,0,1
693,0,0,0,1,0,0,0,1
694,0,0,0,1,0,0,0,1
695,0,0,0,1,0,0,0,1
696,0,0,0,1,0,0,0,1
697,0,0,0,1,0,0,0,1
698,0,0,0,1,0,0,0,1
699,0,0,0,1,0,0,0,1
700,0,0,0,1,0,0,0,1
701,0,0,0,1,0,0,0,1
702,0,0,0,1,0,0,0,1
703,0,0,0,1,0,0,0,1
704,0,0,0,1,0,0,0,1
705,0,0,0,1,0,0,0,1
706,0,0,0,1,0,0,0,1
707,0,0,0,1,0,0,0,1
708,0,0,0,1,0,0,0,1
709,0,0,0,1,0,0,0,1
710,0,0,0,1,0,0,0,1
711,0,0,0,1,0,0,0,1
712,0,0,0,1,0,0,0,1
713,0,0,0,0,0,0,0,0
714,0,0,0,0,0,0,0,0
715,0,0,0,0,0,0,0,0
716,0,0,0,0,0,0,0,0
717,0,0,0,0,0,0,0,0
718,0,0,0,0,0,0,0,0
719,0,0,0,0,0,0,0,0
720,0,0,0,0,0,0,0,0
721,0,0,0,0,0,0,0,0
722,0,0,0,0,0,0,0,0
723,0,0,0,0,0,0,0,0
724,0,0,0,0,0,0,0,0
725,0,0,0,0,0,0,0,0
726,0,0,0,0,0,0,0,0
727,0,0,0,0,0,0,0,0
728,0,0,0,0,0,0,0,0
729,0,0,0,0,0,0,0,0
730,0,0,0,0,0,0,0,0
731,0,0,0,0,0,0,0,0
732,0,0,0,0,0,0,0,0
733,0,0,0,0,0,0,0,0
734,0,0,0,0,0,0,0,0
735,0,0,0,0,0,0,0,0
736,0,0,0,0,0,0,0,0
737,0,0,0,0,0,0,0,0
738,0,0,0,0,0,0,0,0
739,0,0,0,0,0,0,0,0
740,0,0,0,0,0,0,0,0
741,0,0,0,0,0,0,0,0
742,0,0,0,0,0,0,0,0
743,0,0,0,0,0,0,0,0
744,0,0,0,0,0,0,0,0
745,0,0,0,0,0,0,0,0
746,0,0,0,0,0,0,0,0
747,0,0,0,0,0,0,0,0
748,0,0,0,0,0,0,0,0
749,0,0,0,0,0,0,0,0
750,0,0,0,0,0,0,0,0
751,0,0,0,0,0,0,0,0
752,0,0,0,0,0,0,0,0
753,0,0,0,0,0,0,0,0
754,0,0,0,0,0,0,0,0
755,0,0,0,0,0,0,0,0
756,0,0,0,0,0,0,0,0
757,0,0,0,0,0,0,0,0
758,0,0,0,0,0,0,0,0
759,0,0,0,0,0,0,0,0
760,0,0,0,0,0,0,0,0
761,0,0,0,0,0,0,0,0
762,0,0,0,0,0,0,0,0
763,0,0,0,0,0,0,0,0
764,0,0,0,0,0,0,0,0
765,0,0,0,0,0,0,0,0
766,0,0,0,0,0,0,0,0
767,0,0,0,0,0,0,0,0
768,0,0,0,0,0,0,0,0
769,0,0,0,0,0,0,0,0
770,0,0,0,0,0,0,0,0
771,0,0,0,0,0,0,0,0
772,0,0,0,0,0,0,0,0
773,0,0,0,0,0,0,0,0
774,0,0,0,0,0,0,0,0
775,0,0,0,0,0,0,0,0
776,0,0,0,0,0,0,0,0
777,0,0,0,0,0,0,0,0
778,0,0,0,0,0,0,0,0
779,0,0,0,0,0,0,0,0
780,0,0,0,0,0,0,0,0
781,0,0,0,0,0,0,0,0
782,0,0,0,0,0,0,0,0
783,0,0,0,0,0,0,0,0
784,0,0,0,0,0,0,0,0
785,0,0,0,0,0,0,0,0
786,0,0,0,0,0,0,0,0
787,0,0,0,0,0,0,0,0
788,0,0,0,0,0,0,0,0
789,0,0,0,0,0,0,0,0
790,0,0,0,0,0,0,0,0
791,0,0,0,0,0,0,0,0
792,0,0,0,0,0,0,0,0
793,0,0,0,0,0,0,0,0
794,0,0,0,0,0,0,0,0
795,0,0,0,0,0,0,0,0
796,0,0,0,0,0,0,0,0
797,0,0,0,0,0,0,0,0
798,0,0,0,0,0,0,0,0
799,0,0,0,0,0,0,0,0
800,0,0,0,0,0,0,0,0
801,0,0,0,0,0,0,0,0
802,0,0,0,0,0,0,0,0
803,0,0,0,0,0,0,0,0
804,0,0,0,0,0,0,0,0
805,0,0,0,0,0,0,0,0
806,0,0,0,0,0,0,0,0
807,0,0,0,0,0,0,0,0
808,0,0,0,0,0,0,0,0
809,0,0,0,0,0,0,0,0
810,0,0,0,0,0,0,0,0
811,0,0,0,0,0,0,0,0
812,0,0,0,0,0,0,0,0
813,0,0,0,0,0,0,0,0
814,0,0,0,0,0,0,0,0
815,0,0,0,0,0,0,0,0
816,0,0,0,0,0,0,0,0
817,0,0,0,0,0,0,0,0
818,0,0,0,0,0,0,0,0
819,0,0,0,0,0,0,0,0
820,0,0,0,0,0,0,0,0
821,0,0,0,0,0,0,0,0
822,0,0,0,0,0,0,0,0
823,0,0,0,0,0,0,0,0
824,0,0,0,0,0,0,0,0
825,0,0,0,0,0,0,0,0
826,0,0,0,0,0,0,0,0
827,0,0,0,0,0,0,1,1
828,0,0,0,0,0,0,1,1
829,0,0,0,0,0,0,1,1
830,0,0,0,0,0,0,1,1
831,0,0,0,0,0,0,1,1
832,0,0,0,0,0,0,1,1
833,0,0,0,0,0,0,1,1
834,0,0,0,1,0,0,1,2
835,0,0,0,0,0,0,1,1
836,0,0,0,0,0,0,1,1
837,0,0,0,1,0,0,1,2
838,0,0,0,0,0,0,1,1
839,0,0,0,0,0,0,1,1
840,0,0,0,0,0,0,1,1
841,0,0,0,1,1,0,1,3
842,0,0,0,1,1,0,1,3
843,0,0,0,1,1,0,1,3
844,0,0,0,1,1,0,1,3
845,0,0,0,1,1,0,1,3
846,0,0,0,1,1,0,1,3
847,0,0,0,1,1,0,1,3
848,0,0,0,1,1,0,1,3
849,0,0,0,1,1,0,1,3
850,0,0,0,1,1,0,1,3
851,0,0,0,1,1,0,1,3
852,0,0,0,1,1,0,1,3
853,0,0,0,1,1,0,1,3
854,0,0,0,1,1,0,1,3
855,0,0,0,1,1,0,1,3
856,0,0,0,1,1,0,1,3
857,0,0,0,1,1,0,1,3
858,0,0,0,1,1,0,1,3
859,0,0,0,1,1,0,1,3
860,0,0,0,1,1,0,1,3
861,0,0,0,0,1,0,1,2
862,0,0,0,0,1,0,1,2
863,0,0,0,0,1,0,1,2
864,0,0,0,0,1,0,1,2
865,0,0,0,0,1,0,1,2
866,0,0,0,0,1,0,1,2
867,0,0,0,0,1,0,1,2
868,0,0,0,0,1,0,1,2
869,0,0,0,0,1,0,1,2
870,0,0,0,0,1,0,1,2
871,0,0,0,0,1,0,1,2
872,0,0,0,0,1,0,1,2
873,0,0,0,0,1,0,1,2
874,0,0,0,0,1,0,1,2
875,0,0,0,0,1,0,1,2
876,0,0,0,0,1,0,1,2
877,0,0,0,0,1,0,1,2
878,0,0,0,0,1,0,1,2
879,0,0,0,0,1,0,1,2
880,0,0,0,0,1,0,1,2
881,0,0,0,0,1,0,1,2
882,0,0,0,0,1,0,1,2
883,0,0,0,0,1,0,1,2
884,0,0,0,0,1,0,1,2
885,0,0,0,0,1,0,1,2
886,0,0,0,0,1,0,1,2
887,0,0,0,0,1,0,1,2
888,0,0,0,0,1,0,1,2
889,0,0,0,0,1,0,1,2
890,0,0,0,0,1,0,1,2
891,0,0,0,0,1,0,1,2
892,0,0,0,0,1,0,1,2
893,0,0,0,0,1,0,1,2
894,0,0,0,0,1,0,1,2
895,0,0,0,0,1,0,1,2
896,0,0,0,0,1,0,1,2
897,0,0,0,0,1,0,1,2
898,0,0,0,0,1,0,1,2
899,0,0,0,0,1,0,1,2
900,0,0,0,0,1,0,1,2
901,0,0,0,0,1,0,1,2
902,0,0,0,0,1,0,1,2
903,0,0,0,0,1,0,1,2
904,0,0,0,0,1,0,1,2
905,0,0,0,0,1,0,1,2
906,0,0,0,0,1,0,1,2
907,0,0,0,0,1,0,1,2
908,0,0,0,0,1,0,1,2
909,0,0,0,0,1,0,1,2
910,0,0,0,0,1,0,1,2
911,0,0,0,0,1,0,1,2
912,0,0,0,0,1,0,1,2
913,0,0,0,0,1,0,1,2
914,0,0,0,0,1,0,1,2
915,0,0,0,0,1,0,1,2
916,0,0,0,0,1,0,1,2
917,0,0,0,0,1,0,1,2
918,0,0,0,0,1,0,1,2
919,0,0,0,0,1,0,1,2
920,0,0,0,0,1,0,1,2
921,0,0,0,0,1,0,1,2
922,0,0,0,0,1,0,1,2
923,0,0,0,0,1,0,1,2
924,0,0,0,0,1,0,1,2
925,0,0,0,0,1,0,1,2
926,0,0,0,0,1,0,1,2
927,0,0,0,0,1,0,1,2
928,0,0,0,0,1,0,1,2
929,0,0,0,0,1,0,1,2
930,0,0,0,0,1,0,1,2
931,0,0,0,0,1,0,0,1
932,0,0,0,0,1,0,0,1
933,0,0,0,0,1,0,0,1
934,0,0,0,0,1,0,0,1
935,0,0,0,0,1,0,0,1
936,0,0,0,0,1,0,0,1
937,0,0,0,0,1,0,0,1
938,0,0,0,0,1,0,0,1
939,0,0,0,0,1,0,0,1
940,0,0,0,0,0,0,0,0
941,0,0,0,0,0,0,0,0
942,0,0,0,0,0,0,0,0
943,0,0,0,0,0,0,0,0
944,0,0,0,0,0,0,0,0
945,0,0,0,0,0,0,0,0
946,0,0,0,0,0,0,0,0
947,0,0,0,0,0,0,0,0
948,0,0,0,0,0,0,0,0
949,0,0,0,0,0,0,0,0
950,0,0,0,0,0,0,0,0
951,0,0,0,0,0,0,0,0
952,0,0,0,0,0,0,0,0
953,0,0,0,0,0,0,0,0
954,0,0,0,0,0,0,0,0
955,0,0,0,0,0,0,0,0
956,0,0,0,0,0,0,0,0
957,0,0,0,0,0,0,0,0
958,0,0,0,0,0,0,0,0
959,0,0,0,0,0,0,0,0
960,0,0,0,0,0,0,0,0
961,0,0,0,0,0,0,0,0
962,0,0,0,0,0,0,0,0
963,0,0,0,0,0,0,0,0
964,0,0,0,0,0,0,0,0
965,0,0,0,0,0,0,0,0
966,0,0,0,0,0,0,0,0
967,0,0,0,0,0,0,0,0
968,0,0,0,0,0,0,0,0
969,0,0,0,0,0,0,0,0
970,0,0,0,0,0,0,0,0
971,0,0,0,0,0,0,0,0
972,0,0,0,0,0,0,0,0
973,0,0,0,0,0,0,0,0
974,0,0,0,0,0,0,0,0
975,0,0,0,0,0,0,0,0
976,0,0,0,0,0,0,0,0
977,0,0,0,0,0,0,0,0
978,0,0,0,0,0,0,0,0
979,0,0,0,0,0,0,0,0
980,0,0,0,0,0,0,0,0
981,0,0,0,0,1,0,0,1
982,0,0,0,0,1,0,0,1
983,0,0,0,0,1,0,0,1
984,0,0,0,0,1,0,0,1
985,0,0,0,0,1,0,0,1
986,0,0,0,0,1,0,0,1
987,0,0,0,0,1,0,0,1
988,0,0,0,0,1,0,0,1
989,0,0,0,0,1,0,0,1
990,0,0,0,0,1,0,0,1
991,0,0,0,0,1,0,0,1
992,0,0,0,0,1,0,0,1
993,0,0,0,0,1,0,0,1
994,0,0,0,0,1,0,0,1
995,0,0,0,0,1,0,0,1
996,0,0,0,0,1,0,0,1
997,0,0,0,0,1,0,0,1
998,0,0,0,0,1,0,0,1
999,0,0,0,0,1,0,0,1
1000,0,0,0,0,1,0,0,1
1001,0,0,0,0,1,0,0,1
1002,0,0,0,0,0,0,0,0
1003,0,0,0,0,0,0,0,0
1004,0,0,0,0,0,0,0,0
1005,0,0,0,0,0,0,0,0
1006,0,0,0,0,0,0,0,0
1007,0,0,0,0,0,0,0,0
1008,0,0,0,0,0,0,0,0
1009,0,0,0,0,0,0,0,0
1010,0,0,0,0,1,0,0,1
1011,0,0,0,0,1,0,0,1
1012,0,0,0,0,1,0,0,1
1013,0,0,0,0,1,0,0,1
1014,0,0,0,0,1,0,0,1
1015,0,0,0,0,1,0,0,1
1016,0,0,0,0,1,0,0,1
1017,0,0,0,0,1,0,0,1
1018,0,0,0,0,1,0,0,1
1019,0,0,0,0,1,0,0,1
1020,0,0,0,0,1,0,0,1
1021,0,0,0,0,1,0,0,1
1022,0,0,0,0,1,0,0,1
1023,0,0,0,0,1,0,0,1
1024,0,0,0,0,1,0,0,1
1025,0,0,0,0,1,0,0,1
1026,0,0,0,0,1,0,0,1
1027,0,0,0,0,1,0,0,1
1028,0,0,0,0,1,0,0,1
1029,0,0,0,0,1,0,0,1
1030,0,0,0,0,1,0,0,1
1031,0,0,0,0,1,0,0,1
1032,0,0,0,0,1,0,0,1
1033,0,0,0,0,1,0,0,1
1034,0,0,0,0,1,0,0,1
1035,0,0,0,0,1,0,0,1
1036,0,0,0,0,1,0,0,1
1037,0,0,0,0,0,0,0,0
1038,1,0,0,0,1,0,0,2
1039,1,0,0,0,1,0,0,2
1040,1,0,0,0,1,0,0,2
1041,1,0,0,0,1,0,1,3
1042,1,0,0,0,1,0,1,3
1043,1,0,0,0,1,0,1,3
1044,1,0,0,0,1,0,1,3
1045,1,0,0,0,1,0,1,3
1046,1,0,0,0,1,0,1,3
1047,1,0,0,0,1,0,1,3
1048,1,0,0,0,1,0,1,3
1049,1,0,0,0,1,0,1,3
1050,1,0,0,0,1,0,1,3
1051,1,0,0,0,1,0,1,3
1052,1,0,0,0,1,0,1,3
1053,1,0,0,0,1,0,1,3
1054,1,0,0,0,1,0,1,3
1055,1,0,0,0,1,0,1,3
1056,1,0,0,0,1,0,1,3
1057,1,0,0,0,1,0,1,3
1058,1,0,0,0,1,0,1,3
1059,1,0,0,0,1,0,1,3
1060,1,0,0,0,1,0,1,3
1061,1,0,0,0,1,0,1,3
1062,1,0,0,0,1,0,1,3
1063,1,0,0,0,1,0,1,3
1064,1,0,0,0,1,0,1,3
1065,1,0,0,0,1,0,1,3
1066,1,0,0,0,1,0,1,3
1067,1,0,0,0,1,0,1,3
1068,1,0,0,0,1,0,1,3
1069,1,0,0,0,1,0,1,3
1070,1,0,0,0,1,0,1,3
1071,1,0,0,0,1,0,1,3
1072,1,0,0,0,1,0,1,3
1073,1,0,0,0,1,0,1,3
1074,1,0,0,0,1,0,1,3
1075,1,0,0,0,1,0,1,3
1076,1,0,0,0,1,0,1,3
1077,1,0,0,0,1,0,1,3
1078,1,0,0,0,1,0,1,3
1079,1,0,0,0,1,0,1,3
1080,1,0,0,0,1,0,1,3
1081,1,0,0,0,1,0,1,3
1082,1,0,0,0,1,0,1,3
1083,1,0,0,0,1,0,1,3
1084,1,0,0,0,1,0,1,3
1085,1,0,0,0,1,0,1,3
1086,1,0,0,0,1,0,1,3
1087,1,0,0,0,1,0,1,3
1088,1,0,0,0,1,0,1,3
1089,1,0,0,0,1,0,1,3
1090,1,0,0,0,1,0,1,3
1091,1,0,0,0,1,0,1,3
1092,1,0,0,0,1,0,1,3
1093,1,0,0,0,1,0,1,3
1094,1,0,0,0,1,0,1,3
1095,1,0,0,0,0,0,1,2
1096,1,0,0,0,0,0,1,2
1097,1,0,0,0,0,0,1,2
1098,1,0,0,0,0,0,1,2
1099,1,0,0,0,0,0,1,2
1100,1,0,0,0,0,0,1,2
1101,1,0,0,0,0,0,1,2
1102,1,0,0,0,0,0,1,2
1103,1,0,0,0,0,0,1,2
1104,1,0,0,0,0,0,1,2
1105,1,0,0,0,0,0,1,2
1106,1,0,0,0,0,0,1,2
1107,1,0,0,0,0,0,1,2
1108,1,0,0,0,0,0,1,2
1109,1,0,0,0,0,0,1,2
1110,1,0,0,0,0,0,1,2
1111,1,0,0,0,0,0,1,2
1112,1,0,0,0,0,0,1,2
1113,1,0,0,0,0,0,1,2
1114,1,0,0,0,0,0,1,2
1115,1,0,0,0,0,0,1,2
1116,1,0,0,0,0,0,1,2
1117,1,0,0,0,0,0,1,2
1118,1,0,0,0,0,0,1,2
1119,1,0,0,0,0,0,1,2
1120,1,0,0,0,0,0,1,2
1121,1,0,0,0,0,0,1,2
1122,1,0,0,0,0,0,1,2
1123,1,0,0,0,0,0,1,2
1124,1,0,0,0,0,0,1,2
1125,1,0,0,0,0,0,1,2
1126,1,0,0,0,0,0,1,2
1127,1,0,0,0,0,0,1,2
1128,1,0,0,0,0,0,1,2
1129,1,0,0,0,0,0,1,2
1130,1,0,0,0,0,0,1,2
1131,1,0,0,0,0,0,1,2
1132,1,0,0,0,0,0,1,2
1133,1,0,0,0,0,0,1,2
1134,1,0,0,0,0,0,1,2
1135,1,0,0,0,0,0,1,2
1136,1,0,0,0,0,0,1,2
1137,1,0,0,0,0,0,1,2
1138,1,0,0,0,0,0,1,2
1139,1,0,0,0,0,0,1,2
1140,1,0,0,0,0,0,1,2
1141,1,0,0,0,0,0,1,2
1142,1,0,0,0,0,0,1,2
1143,1,0,0,0,0,0,1,2
1144,1,0,0,0,0,0,1,2
1145,1,0,0,0,0,0,1,2
1146,1,0,0,0,0,0,1,2
1147,1,0,0,0,0,0,1,2
1148,1,0,0,0,0,0,1,2
1149,1,0,0,0,0,0,1,2
1150,1,0,0,0,0,0,1,2
1151,1,0,0,0,0,0,1,2
1152,1,0,0,0,0,0,1,2
1153,1,0,0,0,0,0,1,2
1154,0,0,0,0,0,0,1,1
1155,0,0,0,0,0,0,0,0
1156,0,0,0,0,0,0,0,0
1157,0,0,0,0,0,0,0,0
1158,0,0,0,0,0,0,0,0
1159,0,0,0,0,0,0,0,0
1160,0,0,0,0,0,0,0,0
1161,0,0,0,0,0,0,0,0
1162,0,0,0,0,0,0,0,0
1163,0,0,0,0,0,0,0,0
1164,0,0,0,0,0,0,0,0
1165,0,0,0,0,0,0,0,0
1166,0,0,0,0,0,0,0,0
1167,0,0,0,0,0,0,0,0
1168,0,0,0,0,0,0,0,0
1169,0,0,0,0,0,0,0,0
1170,0,0,0,0,0,0,0,0
1171,0,0,0,0,0,0,0,0
1172,0,0,0,0,0,0,0,0
1173,0,0,0,0,0,0,0,0
1174,0,0,0,0,0,0,0,0
1175,0,0,0,0,0,0,0,0
1176,0,0,0,0,0,0,0,0
1177,0,0,0,0,0,0,0,0
1178,0,0,0,0,0,0,0,0
1179,0,0,0,0,0,0,0,0
1180,0,0,0,0,0,0,0,0
1181,0,0,0,0,0,0,1,1
1182,0,0,0,0,0,0,1,1
1183,0,0,0,0,0,0,1,1
1184,0,0,0,0,0,0,1,1
1185,0,0,0,0,0,0,1,1
1186,0,0,0,0,0,0,1,1
1187,0,0,0,0,0,0,1,1
1188,0,0,0,0,0,0,1,1
1189,0,0,0,0,0,0,1,1
1190,0,0,0,0,0,0,1,1
1191,0,0,0,0,0,0,1,1
1192,0,0,0,1,0,0,1,2
1193,0,0,0,1,0,0,1,2
1194,0,0,0,1,0,0,1,2
1195,0,0,0,1,0,0,1,2
1196,0,0,0,1,0,0,1,2
1197,0,0,0,1,0,0,1,2
1198,0,0,0,1,0,0,1,2
1199,0,0,0,1,0,0,1,2
1200,0,0,0,1,0,0,1,2
1201,0,0,0,0,0,0,1,1
1202,0,0,0,0,0,0,1,1
1203,0,0,0,0,0,0,1,1
1204,0,0,0,0,0,0,1,1
1205,0,0,0,0,0,0,1,1
1206,0,0,0,0,0,0,1,1
1207,0,0,0,0,0,0,1,1
1208,0,0,0,0,0,0,1,1
1209,0,0,0,1,0,0,1,2
1210,0,0,0,1,0,0,1,2
1211,0,0,0,1,0,0,1,2
1212,0,0,0,0,0,0,1,1
1213,0,0,0,0,0,0,1,1
1214,0,0,0,0,0,0,1,1
1215,0,0,0,1,0,0,1,2
1216,0,0,0,1,0,0,1,2
1217,0,0,0,1,0,0,1,2
1218,0,0,0,1,0,0,1,2
1219,0,0,0,1,0,0,1,2
1220,0,0,0,1,0,0,1,2
1221,0,0,0,1,0,0,1,2
1222,0,0,0,1,0,0,1,2
1223,0,0,0,1,0,0,1,2
1224,0,0,0,1,0,0,1,2
1225,0,0,0,1,0,0,1,2
1226,0,0,0,1,0,0,1,2
1227,0,0,0,1,0,0,1,2
1228,0,0,0,1,0,0,1,2
1229,0,0,0,1,0,0,1,2
1230,0,0,0,1,0,0,1,2
1231,0,0,0,1,0,0,1,2
1232,0,0,0,1,0,0,1,2
1233,0,0,0,1,0,0,1,2
1234,0,0,0,1,0,0,1,2
1235,0,0,0,1,0,0,1,2
1236,0,0,0,1,0,0,1,2
1237,0,0,0,1,0,0,1,2
1238,0,0,0,1,0,0,1,2
1239,0,0,0,1,0,0,1,2
1240,0,0,0,1,0,0,1,2
1241,0,0,0,1,0,0,1,2
1242,0,0,0,1,0,0,1,2
1243,0,0,0,1,0,0,1,2
1244,0,0,0,1,0,0,1,2
1245,0,0,0,1,0,0,1,2
1246,0,0,0,1,0,0,1,2
1247,0,0,0,1,0,0,1,2
1248,0,0,0,1,0,0,1,2
1249,0,0,0,1,0,0,1,2
1250,0,0,0,1,0,0,1,2
1251,0,0,0,1,0,0,1,2
1252,0,0,0,1,0,0,1,2
1253,0,0,0,1,0,0,1,2
1254,0,0,0,1,0,0,1,2
1255,0,0,0,1,0,0,1,2
1256,0,0,0,1,0,0,1,2
1257,0,0,0,1,0,0,1,2
1258,0,0,0,1,0,0,1,2
1259,0,0,0,1,0,0,1,2
1260,0,0,0,1,0,0,1,2
1261,0,0,0,1,0,0,1,2
1262,0,0,0,1,0,0,1,2
1263,0,0,0,1,0,0,1,2
1264,0,0,0,1,0,0,1,2
1265,0,0,0,1,0,0,1,2
1266,0,0,0,1,0,0,1,2
1267,0,0,0,1,0,0,1,2
1268,0,0,0,1,0,0,1,2
1269,0,0,0,1,0,0,1,2
1270,0,0,0,1,0,0,1,2
1271,0,0,0,1,0,0,1,2
1272,0,0,0,1,0,0,1,2
1273,0,0,0,1,0,0,1,2
1274,0,0,0,1,0,0,1,2
1275,0,0,0,1,0,0,1,2
1276,0,0,0,1,0,0,1,2
1277,0,0,0,1,0,0,1,2
1278,0,0,0,1,0,0,1,2
1279,0,0,0,1,0,0,1,2
1280,0,0,0,1,0,0,1,2
1281,0,0,0,1,0,0,1,2
1282,0,0,0,1,0,0,1,2
1283,0,0,0,1,0,0,1,2
1284,0,0,0,1,0,0,1,2
1285,0,0,0,1,0,0,1,2
1286,0,0,0,1,0,0,1,2
1287,0,0,0,1,0,0,1,2
1288,0,0,0,1,0,0,1,2
1289,0,0,0,1,0,0,1,2
1290,0,0,0,1,0,0,1,2
1291,0,0,0,1,0,0,1,2
1292,0,0,0,1,0,0,1,2
1293,0,0,0,1,0,0,1,2
1294,0,0,0,1,0,0,1,2
1295,0,0,0,1,0,0,1,2
1296,0,0,0,1,0,0,1,2
1297,0,0,0,1,0,0,1,2
1298,0,0,0,1,0,0,1,2
1299,0,0,0,1,0,0,1,2
1300,0,0,0,1,0,0,1,2
1301,0,0,0,1,0,0,1,2
1302,0,0,0,1,0,0,1,2
1303,0,0,0,1,0,0,1,2
1304,0,0,0,1,0,0,1,2
1305,0,0,0,1,0,0,1,2
1306,0,0,0,0,0,0,1,1
1307,0,0,0,0,0,0,1,1
1308,0,0,0,0,0,0,1,1
1309,0,0,0,0,0,0,1,1
1310,0,0,0,0,0,0,1,1
1311,0,0,0,0,0,0,1,1
1312,0,0,0,0,0,0,1,1
1313,0,0,0,0,0,0,1,1
1314,0,0,0,0,0,0,0,0
1315,0,0,0,0,0,0,0,0
1316,0,0,0,0,0,0,0,0
1317,0,0,0,0,0,0,0,0
1318,0,0,0,0,0,0,0,0
1319,0,0,0,0,0,0,0,0
1320,0,0,0,0,0,0,0,0
1321,0,0,0,0,0,0,0,0
1322,0,0,0,0,0,0,0,0
1323,0,0,0,0,0,0,0,0
1324,0,0,0,0,0,0,0,0
1325,0,0,0,0,0,0,0,0
1326,0,0,0,0,0,0,0,0
1327,0,0,0,0,0,0,0,0
1328,0,0,0,0,0,0,0,0
1329,0,0,0,0,0,0,0,0
1330,0,0,0,0,0,0,0,0
1331,0,0,0,0,0,0,0,0
1332,0,0,0,0,0,0,0,0
1333,0,0,0,0,0,0,0,0
1334,0,0,0,0,0,0,0,0
1335,0,0,0,0,0,0,0,0
1336,0,0,0,0,0,0,0,0
1337,0,0,0,0,0,0,0,0
1338,0,0,0,0,0,0,0,0
1339,0,0,0,0,0,0,0,0
1340,0,0,0,0,0,0,0,0
1341,0,0,0,0,0,0,0,0
1342,0,0,0,0,0,0,0,0
1343,0,0,0,0,0,0,0,0
1344,0,0,0,0,0,0,0,0
1345,0,0,0,0,0,0,0,0
1346,0,0,0,0,0,0,0,0
1347,0,0,0,0,0,0,0,0
1348,0,0,0,0,0,0,0,0
1349,0,0,0,0,0,0,0,0
1350,0,0,0,0,0,0,0,0
1351,0,0,0,0,0,0,0,0
1352,0,0,0,0,0,0,0,0
1353,0,0,0,0,0,0,0,0
1354,0,0,0,0,0,0,0,0
1355,0,0,0,0,0,0,0,0
1356,0,0,0,0,0,0,0,0
1357,0,0,0,0,0,0,0,0
1358,0,0,0,0,0,0,0,0
1359,0,0,0,0,0,0,0,0
1360,0,0,0,0,0,0,0,0
1361,0,0,0,0,0,0,0,0
1362,0,0,0,0,0,0,0,0
1363,0,0,0,0,0,0,0,0
1364,0,0,0,0,0,0,0,0
1365,0,0,0,0,0,0,0,0
1366,0,0,0,0,0,0,0,0
1367,0,0,0,0,0,0,0,0
1368,0,0,0,0,0,0,0,0
1369,0,0,0,0,0,0,0,0
1370,0,0,0,0,0,0,0,0
1371,0,0,0,0,0,0,0,0
1372,0,0,0,0,0,0,0,0
1373,0,0,0,0,0,0,0,0
1374,0,0,0,0,0,0,0,0
1375,0,0,0,0,0,0,0,0
1376,0,0,0,0,0,0,0,0
1377,0,0,0,0,0,0,0,0
1378,0,0,0,0,0,0,0,0
1379,0,0,0,0,0,0,0,0
1380,0,0,0,0,0,0,0,0
1381,0,0,0,0,0,0,0,0
1382,0,0,0,0,0,0,0,0
1383,0,0,0,0,0,0,0,0
1384,0,0,0,0,0,0,0,0
1385,0,0,0,0,0,0,0,0
1386,0,0,0,0,0,0,0,0
1387,0,0,0,0,0,0,0,0
1388,0,0,0,0,0,0,0,0
1389,0,0,0,0,0,0,0,0
1390,0,0,0,0,0,0,0,0
1391,0,0,0,0,0,0,0,0
1392,0,0,0,0,0,0,0,0
1393,0,0,0,0,0,0,0,0
1394,0,0,0,0,0,0,0,0
1395,0,0,0,0,0,0,0,0
1396,0,0,0,0,0,0,0,0
1397,0,0,0,0,0,0,0,0
1398,0,0,0,0,0,0,0,0
1399,0,0,0,0,0,0,0,0
1400,0,0,0,0,0,0,0,0
1401,0,0,0,0,0,0,0,0
1402,0,0,0,0,0,0,0,0
1403,0,0,0,0,0,0,0,0
1404,0,0,0,0,0,0,0,0
1405,0,0,0,0,0,0,0,0
1406,0,0,0,0,0,0,0,0
1407,0,0,0,0,0,0,0,0
1408,0,0,0,1,0,0,0,1
1409,0,0,0,1,0,0,0,1
1410,0,0,0,1,0,0,0,1
1411,0,0,0,1,0,0,0,1
1412,0,0,0,1,0,0,0,1
1413,0,0,0,1,0,0,0,1
1414,0,0,0,1,0,0,0,1
1415,0,0,0,1,0,0,0,1
1416,0,0,0,1,0,0,0,1
1417,0,0,0,1,0,0,0,1
1418,0,0,0,1,0,0,0,1
1419,0,0,0,1,0,0,0,1
1420,0,0,0,1,0,0,0,1
1421,0,0,0,1,0,0,0,1
1422,0,0,0,1,0,0,0,1
1423,0,0,0,1,0,0,0,1
1424,0,0,0,1,0,0,0,1
1425,0,0,0,1,0,0,0,1
1426,0,0,0,1,0,0,0,1
1427,0,0,0,1,0,0,0,1
1428,0,0,0,1,0,0,0,1
1429,0,0,0,1,0,0,0,1
1430,0,0,0,1,0,0,0,1
1431,0,0,0,1,0,0,0,1
1432,0,0,0,1,0,0,0,1
1433,0,0,0,1,0,0,0,1
1434,0,0,0,1,0,0,0,1
1435,0,0,0,1,0,0,0,1
1436,0,0,0,1,0,0,0,1
1437,0,0,0,1,0,0,0,1
1438,0,0,0,1,0,0,0,1
1439,0,0,0,1,0,0,0,1
1440,0,0,0,1,0,0,0,1
1441,0,0,0,1,0,0,0,1
1442,0,0,0,1,0,0,0,1
1443,0,0,0,1,0,0,0,1
1444,0,0,0,1,0,0,0,1
1445,0,0,0,1,0,0,0,1
1446,0,0,0,1,0,0,0,1
1447,0,0,0,1,0,0,0,1
1448,0,0,0,1,0,0,0,1
1449,0,0,0,1,0,0,0,1
1450,0,0,0,1,0,0,0,1
1451,0,0,0,1,0,0,0,1
1452,0,0,0,1,0,0,0,1
1453,0,0,0,1,0,0,0,1
1454,0,0,0,1,0,0,0,1
1455,0,0,0,1,0,0,0,1
1456,0,0,0,1,0,0,0,1
1457,0,0,0,1,0,0,0,1
1458,0,0,0,1,0,0,0,1
1459,0,0,0,1,0,0,0,1
1460,0,0,0,1,0,0,0,1
1461,0,0,0,1,0,0,0,1
1462,0,0,0,1,0,0,0,1
1463,0,0,0,1,0,0,0,1
1464,0,0,0,1,0,0,0,1
1465,0,0,0,1,0,0,0,1
1466,0,0,0,1,0,0,0,1
1467,0,0,0,1,0,0,0,1
1468,0,0,0,1,0,0,0,1
1469,0,0,0,1,0,0,0,1
1470,0,0,0,1,0,0,0,1
1471,0,0,0,1,0,0,0,1
1472,0,0,0,1,0,0,0,1
1473,0,0,0,1,0,0,0,1
1474,0,0,0,1,0,0,0,1
1475,0,0,0,1,0,0,0,1
1476,0,0,0,1,0,0,0,1
1477,0,0,0,1,0,0,0,1
1478,0,0,0,1,0,0,0,1
1479,0,0,0,1,0,0,0,1
1480,0,0,0,1,0,0,0,1
1481,0,0,0,1,0,0,0,1
1482,0,0,0,1,0,0,0,1
1483,0,0,0,1,0,0,0,1
1484,0,0,0,1,0,0,0,1
1485,0,0,0,1,0,0,0,1
1486,0,0,0,1,0,0,0,1
1487,0,0,0,1,0,0,0,1
1488,0,0,0,1,0,0,0,1
1489,0,0,0,1,0,0,0,1
1490,0,0,0,1,0,0,0,1
1491,0,0,0,1,0,0,0,1
1492,0,0,0,1,0,0,0,1
1493,0,0,0,1,0,0,0,1
1494,0,0,0,1,0,0,0,1
1495,0,0,0,1,0,0,0,1
1496,0,0,0,1,0,0,0,1
1497,0,0,0,1,0,0,0,1
1498,0,0,0,1,0,0,0,1
1499,0,0,0,1,0,0,0,1
1500,0,0,0,1,0,0,0,1
1501,0,0,0,1,0,0,0,1
1502,0,0,0,1,0,0,0,1
1503,0,0,0,1,0,0,0,1
1504,0,0,0,1,0,0,0,1
1505,0,0,0,1,0,0,0,1
1506,0,0,0,1,0,0,0,1
1507,0,0,0,1,0,0,0,1
1508,0,0,0,1,0,0,0,1
1509,0,0,0,1,0,0,0,1
1510,0,0,0,1,0,0,0,1
1511,0,0,0,1,0,0,0,1
1512,0,0,0,1,0,0,0,1
1513,0,0,0,2,0,0,0,2
1514,0,0,0,2,0,0,0,2
1515,0,0,0,2,0,0,0,2
1516,0,0,0,2,0,0,0,2
1517,0,0,0,2,0,0,0,2
1518,0,0,0,2,0,0,0,2
1519,0,0,0,2,0,0,0,2
1520,0,0,0,2,0,0,0,2
1521,0,0,0,2,0,0,0,2
1522,0,0,1,2,0,0,0,3
1523,0,0,1,2,0,0,0,3
1524,0,0,1,3,0,0,0,4
1525,0,0,1,3,0,0,0,4
1526,0,0,1,3,0,0,0,4
1527,0,0,1,3,0,0,0,4
1528,0,0,1,2,0,0,0,3
1529,0,0,1,2,0,0,0,3
1530,0,0,1,2,0,0,0,3
1531,0,0,1,2,0,0,0,3
1532,0,0,1,2,0,0,0,3
1533,0,0,1,2,0,0,0,3
1534,0,0,1,2,0,0,0,3
1535,0,0,1,2,0,0,0,3
1536,0,0,1,2,0,0,0,3
1537,0,0,1,2,0,0,0,3
1538,0,0,1,2,0,0,0,3
1539,0,0,1,2,0,0,0,3
1540,0,0,1,2,0,0,0,3
1541,0,0,1,2,0,0,0,3
1542,0,0,1,2,0,0,0,3
1543,0,0,1,2,0,0,0,3
1544,0,0,1,2,0,0,0,3
1545,0,0,1,2,0,0,0,3
1546,0,0,1,2,0,0,0,3
1547,0,0,1,2,0,0,0,3
1548,0,0,1,2,0,0,0,3
1549,0,0,1,2,0,0,0,3
1550,0,0,1,2,0,0,0,3
1551,0,0,1,2,0,0,0,3
1552,0,0,1,2,0,0,0,3
1553,0,0,1,2,0,0,0,3
1554,0,0,1,2,0,0,0,3
1555,0,0,1,2,0,0,0,3
1556,0,0,1,2,0,0,0,3
1557,0,0,1,2,0,0,0,3
1558,0,0,1,2,0,0,0,3
1559,0,0,1,2,0,0,0,3
1560,0,0,1,2,0,0,0,3
1561,0,0,1,2,0,0,0,3
1562,0,0,1,2,0,0,0,3
1563,0,0,1,2,0,0,0,3
1564,0,0,1,1,0,0,0,2
1565,0,0,1,1,0,0,0,2
1566,0,0,1,1,0,0,0,2
1567,0,0,1,2,0,0,0,3
1568,0,0,1,2,0,0,0,3
1569,0,0,1,2,0,0,0,3
1570,0,0,1,2,0,0,0,3
1571,0,0,1,2,0,0,0,3
1572,0,0,1,2,0,0,0,3
1573,0,0,1,2,0,0,0,3
1574,0,0,1,2,0,0,0,3
1575,0,0,1,1,0,0,0,2
1576,0,0,1,1,0,0,0,2
1577,0,0,1,1,0,0,0,2
1578,0,0,1,1,0,0,0,2
1579,0,0,1,1,0,0,0,2
1580,0,0,1,2,0,0,0,3
1581,0,0,1,1,0,0,0,2
1582,0,0,1,2,0,0,0,3
1583,0,0,1,1,0,0,0,2
1584,0,0,1,1,0,0,0,2
1585,0,0,1,2,0,0,0,3
1586,0,0,1,2,0,0,0,3
1587,0,0,1,2,0,0,0,3
1588,0,0,1,2,0,0,0,3
1589,0,0,1,2,0,0,0,3
1590,0,0,1,1,0,0,0,2
1591,0,0,1,1,0,0,0,2
1592,0,0,1,1,0,0,0,2
1593,0,0,1,1,0,0,0,2
1594,0,0,1,1,0,0,0,2
1595,0,0,1,2,0,0,0,3
1596,0,0,1,2,0,0,0,3
1597,0,0,1,2,0,0,0,3
1598,0,0,1,2,0,0,0,3
1599,0,0,1,2,0,0,0,3
1600,0,0,0,1,0,0,0,1
1601,0,0,1,2,0,0,0,3
1602,0,0,0,2,0,0,0,2
1603,0,0,1,2,0,0,0,3
1604,0,0,1,2,0,0,0,3
1605,0,0,1,2,0,0,0,3
1606,0,0,1,1,0,0,0,2
1607,0,0,1,2,0,0,0,3
1608,0,0,1,2,0,0,0,3
1609,0,0,1,2,0,0,0,3
1610,0,0,0,1,0,0,0,1
1611,0,0,1,1,0,0,0,2
1612,0,0,1,2,0,0,0,3
1613,0,0,1,2,0,0,0,3
1614,0,0,1,1,0,0,0,2
1615,0,0,1,1,0,0,0,2
1616,0,0,1,2,0,0,0,3
1617,0,0,1,1,0,0,0,2
1618,0,0,1,1,0,0,0,2
1619,0,0,1,2,0,0,0,3
1620,0,0,1,1,0,0,0,2
1621,0,0,1,2,0,0,0,3
1622,0,0,1,2,0,0,0,3
1623,0,0,1,2,0,0,0,3
1624,0,0,1,2,0,0,0,3
1625,0,0,1,2,0,0,0,3
1626,0,0,0,2,0,0,0,2
1627,0,0,0,1,0,0,0,1
1628,0,0,0,1,0,0,0,1
1629,0,0,0,1,0,0,0,1
1630,0,0,0,1,0,0,0,1
1631,0,0,0,1,0,0,0,1
1632,0,0,0,1,0,0,0,1
1633,0,0,0,0,0,0,0,0
1634,0,0,0,0,0,0,0,0
1635,0,0,0,0,0,0,0,0
1636,0,0,0,0,0,0,0,0
1637,0,0,0,0,0,0,0,0
1638,0,0,0,0,0,0,0,0
1639,0,0,0,0,0,0,0,0
1640,0,0,0,0,0,0,0,0
1641,0,0,0,0,0,0,0,0
1642,0,0,0,0,0,0,0,0
1643,0,0,0,0,0,0,0,0
1644,0,0,0,0,0,0,0,0
1645,0,0,0,0,0,0,0,0
1646,0,0,0,0,0,0,0,0
1647,0,0,0,0,0,0,0,0
1648,0,0,0,0,0,0,0,0
1649,0,0,0,0,0,0,0,0
1650,0,0,0,0,0,0,0,0
1651,0,0,0,0,0,0,0,0
1652,0,0,0,0,0,0,0,0
1653,0,0,0,0,0,0,0,0
1654,0,0,0,0,0,0,0,0
1655,0,0,0,0,0,0,0,0
1656,0,0,0,0,0,0,0,0
1657,0,0,0,0,0,0,0,0
1658,0,0,0,0,0,0,0,0
1659,0,0,0,0,0,0,0,0
1660,0,0,0,0,0,0,0,0
1661,0,0,0,0,0,0,0,0
1662,0,0,0,0,0,0,0,0
1663,0,0,0,0,0,0,0,0
1664,0,0,0,0,0,0,0,0
1665,0,0,0,0,0,0,0,0
1666,0,0,0,0,0,0,0,0
1667,0,0,0,0,0,0,0,0
1668,0,0,0,0,0,0,0,0
1669,0,0,0,0,0,0,0,0
1670,0,0,0,0,0,0,0,0
1671,0,0,0,0,0,0,0,0
1672,0,0,0,0,0,0,0,0
1673,0,0,0,0,0,0,0,0
1674,0,0,0,0,0,0,0,0
1675,0,0,0,0,0,0,0,0
1676,0,0,0,0,0,0,0,0
1677,0,0,0,0,0,0,0,0
1678,0,0,0,0,0,0,0,0
1679,0,0,0,0,0,0,0,0
1680,0,0,1,0,0,0,0,1
1681,0,0,0,0,0,0,0,0
1682,0,0,1,0,0,0,0,1
1683,0,0,1,0,0,0,0,1
1684,0,0,1,0,0,0,0,1
1685,0,0,1,0,0,0,0,1
1686,0,0,1,0,0,0,0,1
1687,0,0,1,0,0,0,0,1
1688,0,0,1,1,0,0,0,2
1689,0,0,1,1,0,0,0,2
1690,0,0,1,1,0,0,0,2
1691,0,0,1,1,0,0,0,2
1692,0,0,1,1,0,0,0,2
1693,0,0,1,1,0,0,0,2
1694,0,0,1,1,0,0,0,2
1695,0,0,1,1,0,0,0,2
1696,0,0,1,1,0,0,0,2
1697,0,0,1,1,0,0,0,2
1698,0,0,1,1,0,0,0,2
1699,0,0,1,1,0,0,0,2
1700,0,0,1,1,0,0,0,2
1701,0,0,1,1,0,0,0,2
1702,0,0,1,1,0,0,0,2
1703,0,0,1,1,0,0,0,2
1704,0,0,1,1,0,0,0,2
1705,0,0,1,1,0,0,0,2
1706,0,0,1,1,0,0,0,2
1707,0,0,1,1,0,0,0,2
1708,0,0,1,1,0,0,0,2
1709,0,0,1,1,0,0,0,2
1710,0,0,1,1,0,0,0,2
1711,0,0,1,1,0,0,0,2
1712,0,0,1,1,0,0,0,2
1713,0,0,1,1,0,0,0,2
1714,0,0,1,1,0,0,0,2
1715,0,0,1,1,0,0,0,2
1716,0,0,1,1,0,0,0,2
1717,0,0,1,1,0,0,0,2
1718,0,0,1,1,0,0,0,2
1719,0,0,1,1,0,0,0,2
1720,0,0,1,1,0,0,0,2
1721,0,0,1,1,0,0,0,2
1722,0,0,1,1,0,0,0,2
1723,0,0,1,1,0,0,0,2
1724,0,0,1,1,0,0,0,2
1725,0,0,1,1,0,0,0,2
1726,0,0,1,1,0,0,0,2
1727,0,0,1,1,0,0,0,2
1728,0,0,1,1,0,0,0,2
1729,0,0,1,1,0,0,0,2
1730,0,0,1,1,0,0,0,2
1731,0,0,1,1,0,0,0,2
1732,0,0,1,1,0,0,0,2
1733,0,0,1,1,0,0,0,2
1734,0,0,1,1,0,0,0,2
1735,0,0,1,1,0,0,0,2
1736,0,0,1,1,0,0,0,2
1737,0,0,1,1,0,0,0,2
1738,0,0,1,1,0,0,0,2
1739,0,0,1,1,0,0,0,2
1740,0,0,1,1,0,0,0,2
1741,0,0,1,1,0,0,0,2
1742,0,0,1,1,0,0,0,2
1743,0,0,1,1,0,0,0,2
1744,0,0,1,1,0,0,0,2
1745,0,0,1,1,0,0,0,2
1746,0,0,1,1,0,0,0,2
1747,0,0,1,1,0,0,0,2
1748,0,0,1,1,0,0,0,2
1749,0,0,1,1,0,0,0,2
1750,0,0,1,1,0,0,0,2
1751,0,0,1,1,0,0,0,2
1752,0,0,1,1,0,0,0,2
1753,0,0,1,1,0,0,0,2
1754,0,0,1,1,0,0,0,2
1755,0,0,1,1,0,0,0,2
1756,0,0,1,1,0,0,0,2
1757,0,0,1,1,0,0,0,2
1758,0,0,1,1,0,0,0,2
1759,0,0,1,1,0,0,0,2
1760,0,0,1,1,0,0,0,2
1761,0,0,1,1,0,0,0,2
1762,0,0,1,1,0,0,0,2
1763,0,0,1,1,0,0,0,2
1764,0,0,1,1,0,0,0,2
1765,0,0,1,1,0,0,0,2
1766,0,0,1,1,0,0,0,2
1767,0,0,1,1,0,0,0,2
1768,0,0,1,1,0,0,0,2
1769,0,0,1,1,0,0,0,2
1770,0,0,1,1,0,0,0,2
1771,0,0,1,1,0,0,0,2
1772,0,0,1,1,0,0,0,2
1773,0,0,1,1,0,0,0,2
1774,0,0,1,1,0,0,0,2
1775,0,0,1,1,0,0,0,2
1776,0,0,1,1,0,0,0,2
1777,0,0,1,1,0,0,0,2
1778,0,0,1,1,0,0,0,2
1779,0,0,1,1,0,0,0,2
1780,0,0,1,1,0,0,0,2
1781,0,0,1,1,0,0,0,2
1782,0,0,1,1,0,0,0,2
1783,0,0,1,1,0,0,0,2
1784,0,0,1,1,0,0,0,2
1785,0,0,1,1,0,0,0,2
1786,0,0,1,1,0,0,0,2
1787,0,0,1,1,0,0,0,2
1788,0,0,0,1,0,0,0,1
1789,0,0,0,1,0,0,0,1
1790,0,0,0,1,0,0,0,1
1791,0,0,0,1,0,0,0,1
1792,0,0,0,1,0,0,0,1
1793,0,0,0,1,0,0,0,1
1794,0,0,0,1,0,0,0,1
1795,0,0,0,1,0,0,0,1
1796,0,0,0,1,0,0,0,1
1797,0,0,0,1,0,0,0,1
1798,0,0,0,1,0,0,0,1
1799,0,0,0,1,0,0,0,1
1800,0,0,0,1,0,0,0,1
1801,0,0,0,1,0,0,0,1
1802,0,0,0,1,0,0,0,1
1803,0,0,0,1,0,0,0,1
1804,0,0,0,1,0,0,0,1
1805,0,0,0,1,0,0,0,1
1806,0,0,0,0,0,0,0,0
1807,0,0,0,0,0,0,0,0
1808,0,0,0,0,0,0,0,0
1809,0,0,0,0,0,0,0,0
1810,0,0,0,0,0,0,0,0
1811,0,0,0,0,0,0,0,0
1812,0,0,0,0,1,0,0,1
1813,0,0,0,0,1,0,0,1
1814,0,0,0,0,1,0,0,1
1815,0,0,0,0,1,0,0,1
1816,0,0,0,0,1,0,0,1
1817,0,0,0,0,1,0,0,1
1818,0,0,0,0,1,0,0,1
1819,0,0,0,0,1,0,0,1
1820,0,0,0,0,1,0,0,1
1821,0,0,0,0,1,0,0,1
1822,0,0,0,0,1,0,0,1
1823,0,0,0,0,1,0,0,1
1824,0,0,0,0,1,0,0,1
1825,0,0,0,0,1,0,0,1
1826,0,0,0,0,1,0,0,1
1827,0,0,0,0,1,0,0,1
1828,0,0,0,0,1,0,0,1
1829,0,0,0,0,1,0,0,1
1830,0,0,0,0,1,0,0,1
1831,0,0,0,0,1,0,0,1
1832,0,0,0,0,1,0,0,1
1833,0,0,0,0,1,0,0,1
1834,0,0,0,0,1,0,0,1
1835,0,0,0,0,1,0,0,1
1836,0,0,0,0,1,0,0,1
1837,0,0,0,0,1,0,0,1
1838,0,0,0,0,1,0,0,1
1839,0,0,0,0,1,0,0,1
1840,0,0,0,0,1,0,0,1
1841,0,0,0,0,1,0,0,1
1842,0,0,0,0,1,0,0,1
1843,0,0,0,0,1,0,0,1
1844,0,0,0,0,1,0,0,1
1845,0,0,0,0,1,0,0,1
1846,0,0,0,0,1,0,0,1
1847,0,0,0,0,1,0,0,1
1848,0,0,0,0,1,0,0,1
1849,0,0,0,0,1,0,0,1
1850,0,0,0,0,1,0,0,1
1851,0,0,0,0,1,0,0,1
1852,0,0,0,0,1,0,0,1
1853,0,0,0,0,1,0,0,1
1854,0,0,0,0,1,0,0,1
1855,0,0,0,0,1,0,0,1
1856,0,0,0,0,1,0,0,1
1857,0,0,0,0,1,0,0,1
1858,0,0,0,0,1,0,0,1
1859,0,0,0,0,1,0,0,1
1860,0,0,0,0,1,0,0,1
1861,0,0,0,0,1,0,0,1
1862,0,0,0,0,1,0,0,1
1863,0,0,0,0,1,0,0,1
1864,0,0,0,0,1,0,0,1
1865,0,0,0,0,1,0,0,1
1866,0,0,0,0,1,0,0,1
1867,0,0,0,0,1,0,0,1
1868,0,0,0,0,1,0,0,1
1869,0,0,0,0,1,0,0,1
1870,0,0,0,0,1,0,0,1
1871,0,0,0,0,1,0,0,1
1872,0,0,0,0,1,0,0,1
1873,0,0,0,0,1,0,0,1
1874,0,0,0,0,1,0,0,1
1875,0,0,0,0,1,0,0,1
1876,0,0,0,0,1,0,0,1
1877,0,0,0,0,1,0,0,1
1878,0,0,0,0,1,0,0,1
1879,0,0,0,0,1,0,0,1
1880,0,0,0,0,1,0,0,1
1881,0,0,0,0,1,0,0,1
1882,0,0,0,0,1,0,0,1
1883,0,0,0,0,1,0,0,1
1884,0,0,0,0,1,0,0,1
1885,0,0,0,0,1,0,0,1
1886,0,0,0,0,1,0,0,1
1887,0,0,0,0,1,0,0,1
1888,0,0,0,0,1,0,0,1
1889,0,0,0,0,1,0,0,1
1890,0,0,0,0,1,0,0,1
1891,0,0,0,0,1,0,0,1
1892,0,0,0,0,1,0,0,1
1893,0,0,0,0,1,0,0,1
1894,0,0,0,0,1,0,0,1
1895,0,0,0,0,1,0,0,1
1896,0,0,0,0,1,0,0,1
1897,0,0,0,0,1,0,0,1
1898,0,0,0,0,1,0,0,1
1899,0,0,0,0,1,0,0,1
1900,0,0,0,0,1,0,0,1
1901,0,0,0,0,1,0,0,1
1902,1,0,0,0,1,0,0,2
1903,1,0,0,0,1,0,0,2
1904,1,0,0,0,1,0,0,2
1905,1,0,0,0,1,0,0,2
1906,1,0,0,0,1,0,0,2
1907,1,0,0,0,1,0,0,2
1908,1,0,0,0,1,0,0,2
1909,1,0,0,0,1,0,0,2
1910,1,0,0,0,1,0,0,2
1911,1,0,0,0,1,0,0,2
1912,1,0,0,0,1,0,0,2
1913,1,0,0,0,1,0,0,2
1914,1,0,0,0,1,0,0,2
1915,1,0,0,0,1,0,0,2
1916,1,0,0,0,1,0,0,2
1917,1,0,0,0,1,0,0,2
1918,1,0,0,0,1,0,0,2
1919,1,0,0,0,1,0,0,2
1920,1,0,0,0,1,0,0,2
1921,1,0,0,0,1,0,0,2
1922,1,0,0,0,1,0,0,2
1923,1,0,0,0,1,0,0,2
1924,1,0,0,0,1,0,0,2
1925,1,0,0,0,1,0,0,2
1926,1,0,0,0,1,0,0,2
1927,0,0,0,0,1,0,0,1
1928,0,0,0,0,1,0,0,1
1929,0,0,0,0,1,0,0,1
1930,0,0,0,0,1,0,0,1
1931,0,0,0,0,1,0,0,1
1932,0,0,0,0,1,0,0,1
1933,0,0,0,0,0,0,0,0
1934,0,0,0,0,0,0,0,0
1935,0,0,0,0,0,0,0,0
1936,0,0,0,0,0,0,0,0
1937,0,0,0,0,0,0,0,0
1938,0,0,0,0,0,0,0,0
1939,1,0,0,0,0,0,0,1
1940,1,0,0,0,0,0,0,1
1941,1,0,0,0,0,0,0,1
1942,1,0,0,0,0,0,0,1
1943,1,0,0,0,0,0,0,1
1944,1,0,0,0,0,0,0,1
1945,1,0,0,0,0,0,0,1
1946,1,0,0,0,0,0,0,1
1947,1,0,0,0,0,0,0,1
1948,0,0,0,0,0,0,0,0
1949,1,0,0,0,0,0,0,1
1950,1,0,0,0,0,0,0,1
1951,1,0,0,0,0,0,0,1
1952,1,0,0,0,0,0,0,1
1953,1,0,0,0,0,0,0,1
1954,1,0,0,0,0,0,0,1
1955,1,0,0,0,0,0,0,1
1956,1,0,0,0,0,0,0,1
1957,1,0,0,0,0,0,0,1
1958,1,0,0,0,0,0,0,1
1959,1,0,0,0,0,0,0,1
1960,1,0,0,0,0,0,0,1
1961,1,0,0,0,0,0,0,1
1962,1,0,0,0,0,0,0,1
1963,1,0,0,0,0,0,0,1
1964,1,0,0,0,0,0,0,1
1965,1,0,0,0,0,0,0,1
1966,1,0,0,0,0,0,0,1
1967,1,0,0,0,0,0,0,1
1968,1,0,0,0,0,0,0,1
1969,1,0,0,0,0,0,0,1
1970,1,0,0,0,0,0,0,1
1971,1,0,0,0,0,0,0,1
1972,1,0,0,0,0,0,0,1
1973,1,0,0,0,0,0,0,1
1974,1,0,0,0,0,0,0,1
1975,1,0,0,0,0,0,0,1
1976,1,0,0,0,0,0,0,1
1977,1,0,0,0,0,0,0,1
1978,1,0,0,0,0,0,0,1
1979,1,0,0,0,0,0,0,1
1980,1,0,0,0,0,0,0,1
1981,1,0,0,0,0,0,0,1
1982,1,0,0,0,0,0,0,1
1983,1,0,0,0,0,0,0,1
1984,1,0,0,0,0,0,0,1
1985,1,0,0,0,0,0,0,1
1986,1,0,0,0,0,0,0,1
1987,1,0,0,0,0,0,0,1
1988,1,0,0,0,0,0,0,1
1989,1,0,0,0,0,0,0,1
1990,1,0,0,0,0,0,0,1
1991,1,0,0,0,0,0,0,1
1992,1,0,0,0,0,0,0,1
1993,1,0,0,0,0,0,0,1
1994,1,0,0,0,0,0,0,1
1995,1,0,0,0,0,0,0,1
1996,1,0,0,0,0,0,0,1
1997,1,0,0,0,0,0,0,1
1998,1,0,0,0,0,0,0,1
1999,1,0,0,0,0,0,0,1
2000,1,0,0,0,0,0,0,1
2001,1,0,0,0,0,0,0,1
2002,1,0,0,0,0,0,0,1
2003,1,0,0,0,0,0,1,2
2004,1,0,0,0,0,0,1,2
2005,1,0,0,0,0,0,1,2
2006,1,0,0,0,0,0,1,2
2007,1,0,0,0,0,0,0,1
2008,1,0,0,0,0,0,0,1
2009,1,0,0,0,0,0,0,1
2010,1,0,0,0,0,0,1,2
2011,1,0,0,0,0,0,1,2
2012,1,0,0,0,0,0,1,2
2013,1,0,0,0,0,0,1,2
2014,1,0,0,0,0,0,1,2
2015,1,0,0,0,0,0,0,1
2016,1,0,0,0,0,0,0,1
2017,0,0,0,0,0,0,0,0
2018,0,0,0,0,0,0,0,0
2019,0,0,0,0,0,0,0,0
2020,0,0,0,0,0,0,0,0
2021,0,0,0,0,0,0,0,0
2022,0,0,0,0,0,0,0,0
2023,0,0,0,0,0,0,0,0
2024,0,0,0,0,0,0,0,0
2025,0,0,0,0,0,0,0,0
2026,0,0,0,0,0,0,0,0
2027,0,0,0,0,0,0,0,0
2028,0,0,0,0,0,0,0,0
2029,0,0,0,0,0,0,0,0
2030,0,0,0,0,0,0,0,0
2031,0,0,0,0,0,0,0,0
2032,0,0,0,0,0,0,0,0
2033,0,0,0,0,0,0,0,0
2034,0,0,0,0,0,0,0,0
2035,0,0,0,0,0,0,0,0
2036,0,0,0,0,0,0,0,0
2037,0,0,0,0,0,0,0,0
2038,0,0,0,0,0,0,0,0
2039,0,0,0,0,0,0,0,0
2040,0,0,0,0,0,0,0,0
2041,0,0,0,0,0,0,0,0
2042,0,0,0,0,0,0,0,0
2043,0,0,0,0,0,0,0,0
2044,0,0,0,0,0,0,0,0
2045,0,0,0,0,0,0,0,0
2046,0,0,0,0,0,0,0,0
2047,0,0,0,0,0,0,0,0
2048,0,0,0,0,0,0,0,0
2049,0,0,0,0,0,0,0,0
2050,0,0,0,0,0,0,0,0
2051,0,0,0,0,0,0,0,0
2052,0,0,0,0,0,0,0,0
2053,0,0,0,0,0,0,0,0
2054,0,0,0,0,0,0,0,0
2055,0,0,0,0,0,0,0,0
2056,0,0,0,0,0,0,0,0
2057,0,0,0,0,0,0,0,0
2058,0,0,0,0,0,0,0,0
2059,0,0,0,0,0,0,0,0
2060,0,0,0,0,0,0,0,0
2061,0,0,0,0,0,0,0,0
2062,0,0,0,0,0,0,0,0
2063,0,0,0,0,0,0,0,0
2064,0,0,0,0,0,0,0,0
2065,0,0,0,0,0,0,0,0
2066,0,0,0,0,0,0,0,0
2067,0,0,0,0,0,0,0,0
2068,0,0,0,0,0,0,0,0
2069,0,0,0,0,0,0,0,0
2070,0,0,0,0,0,0,0,0
2071,0,0,0,0,0,0,0,0
2072,0,0,0,0,0,0,0,0
2073,0,0,0,0,0,0,0,0
2074,0,0,0,0,0,0,0,0
2075,0,0,0,0,0,0,0,0
2076,0,0,0,0,0,0,0,0
2077,0,0,0,0,0,0,0,0
2078,0,0,0,0,0,0,0,0
2079,0,0,0,0,0,0,0,0
2080,0,0,0,0,0,0,0,0
2081,0,0,0,0,0,0,0,0
2082,0,0,0,0,0,0,0,0
2083,0,0,0,0,0,0,0,0
2084,0,0,0,0,0,0,0,0
2085,0,0,0,0,0,0,0,0
2086,0,0,0,0,0,0,0,0
2087,0,0,0,0,0,0,0,0
2088,0,0,0,0,0,0,0,0
2089,0,0,0,0,0,0,0,0
2090,0,0,0,0,0,0,0,0
2091,0,0,0,0,0,0,0,0
2092,0,0,0,0,0,0,0,0
2093,0,0,0,0,0,0,0,0
2094,0,0,0,0,0,0,0,0
2095,0,0,0,0,0,0,0,0
2096,0,0,0,0,0,0,0,0
2097,0,0,0,0,0,0,0,0
2098,0,0,0,0,0,0,0,0
2099,0,0,0,0,0,0,0,0
2100,0,0,0,0,0,0,0,0
2101,0,0,0,0,0,0,0,0
2102,0,0,0,0,0,0,0,0
2103,0,0,0,0,0,0,0,0
2104,0,0,0,0,0,0,0,0
2105,0,0,0,0,0,0,0,0
2106,0,0,0,0,0,0,0,0
2107,0,0,0,0,0,0,0,0
2108,0,0,0,0,0,0,0,0
2109,0,0,0,0,0,0,0,0
2110,0,0,0,0,0,0,0,0
2111,0,0,0,0,0,0,0,0
2112,0,0,0,0,0,0,0,0
2113,0,0,0,0,0,0,0,0
2114,0,0,0,0,0,0,0,0
2115,0,0,0,0,0,0,0,0
2116,0,0,0,0,0,0,0,0
2117,0,0,0,0,0,0,0,0
2118,0,0,0,0,0,0,0,0
2119,0,0,0,0,0,0,0,0
2120,0,0,0,0,0,0,0,0
2121,0,0,0,0,0,0,0,0
2122,0,0,0,0,0,0,0,0
2123,0,0,0,0,0,0,0,0
2124,0,0,0,0,0,0,0,0
2125,0,0,0,0,0,0,0,0
2126,0,0,0,0,0,0,0,0
2127,0,0,0,0,0,0,0,0
2128,0,0,0,0,0,0,0,0
2129,0,0,0,0,0,0,0,0
2130,0,0,0,0,0,0,0,0
2131,0,0,0,0,0,0,0,0
2132,0,0,0,0,0,0,0,0
2133,0,0,0,0,0,0,0,0
2134,0,0,0,0,0,0,0,0
2135,0,0,0,0,0,0,0,0
2136,0,0,0,0,0,0,0,0
2137,0,0,0,0,0,0,0,0
2138,0,0,0,0,0,0,0,0
2139,0,0,0,0,0,0,0,0
2140,0,0,0,0,0,0,0,0
2141,0,0,0,0,0,0,0,0
2142,0,0,0,0,0,0,0,0
2143,0,0,0,0,0,0,0,0
2144,0,0,0,0,0,0,0,0
2145,0,0,0,0,0,0,0,0
2146,0,0,0,0,0,0,0,0
2147,0,0,0,0,0,0,0,0
2148,0,0,0,0,0,0,0,0
2149,0,0,0,0,0,0,0,0
2150,0,0,0,0,0,0,0,0
2151,0,0,0,0,0,0,0,0
2152,0,0,0,0,0,0,0,0
2153,0,0,0,0,0,0,0,0
2154,0,0,0,0,0,0,0,0
2155,0,0,0,0,0,0,0,0
2156,0,0,0,0,0,0,0,0
2157,0,0,0,0,0,0,0,0
2158,0,0,0,0,0,0,0,0
2159,0,0,0,0,0,0,0,0
2160,0,0,0,0,0,0,0,0
2161,0,0,0,0,0,0,0,0
2162,0,0,0,0,0,0,0,0
2163,0,0,0,0,0,0,0,0
2164,0,0,0,0,0,0,0,0
2165,0,0,0,0,0,0,0,0
2166,0,0,0,0,0,0,0,0
2167,0,0,0,0,0,0,0,0
2168,1,0,0,0,0,0,0,1
2169,0,0,0,0,0,0,0,0
2170,0,0,0,0,0,0,0,0
2171,1,0,0,0,0,0,0,1
2172,1,0,0,0,0,0,0,1
2173,0,0,0,0,0,0,0,0
2174,1,0,0,0,0,0,0,1
2175,1,0,0,0,0,0,0,1
2176,1,0,0,0,0,0,0,1
2177,1,0,0,0,0,0,0,1
2178,1,0,0,0,0,0,0,1
2179,1,0,0,0,0,0,0,1
2180,1,0,0,0,0,0,0,1
2181,1,0,0,0,0,0,0,1
2182,1,0,0,0,0,0,0,1
2183,1,0,0,0,0,0,0,1
2184,1,0,0,0,0,0,0,1
2185,1,0,0,0,0,0,0,1
2186,1,0,0,0,0,0,0,1
2187,1,0,0,0,0,0,0,1
2188,1,0,0,0,0,0,0,1
2189,1,0,0,0,0,0,0,1
2190,1,0,0,0,0,0,0,1
2191,1,0,0,0,0,0,0,1
2192,1,0,0,0,0,0,0,1
2193,1,0,0,0,0,0,0,1
2194,1,0,0,0,0,0,0,1
2195,1,0,0,0,0,0,0,1
2196,1,0,0,0,0,0,0,1
2197,1,0,0,0,0,0,0,1
2198,1,0,0,0,0,0,0,1
2199,1,0,0,0,0,0,0,1
2200,1,0,0,0,0,0,0,1
2201,1,0,0,0,0,0,0,1
2202,1,0,0,0,0,0,0,1
2203,1,0,0,0,0,0,0,1
2204,1,0,0,0,0,0,0,1
2205,1,0,0,0,0,0,0,1
2206,1,0,0,0,0,0,0,1
2207,1,0,0,0,0,0,0,1
2208,1,0,0,0,0,0,0,1
2209,1,0,0,0,0,0,0,1
2210,1,0,0,0,0,0,0,1
2211,1,0,0,0,0,0,0,1
2212,1,0,0,0,0,0,0,1
2213,1,0,0,0,0,0,0,1
2214,1,0,0,0,0,0,0,1
2215,1,0,0,0,0,0,0,1
2216,1,0,0,0,0,0,0,1
2217,1,0,0,0,0,0,0,1
2218,1,0,0,0,0,0,0,1
2219,1,0,0,0,0,0,0,1
2220,1,0,0,0,0,0,0,1
2221,1,0,0,0,0,0,0,1
2222,1,0,0,0,0,0,0,1
2223,1,0,0,0,0,0,0,1
2224,1,0,0,0,0,0,0,1
2225,1,0,0,0,0,0,0,1
2226,1,0,0,0,0,0,0,1
2227,1,0,0,0,0,0,0,1
2228,1,0,0,0,0,0,0,1
2229,1,0,0,0,0,0,0,1
2230,1,0,0,0,0,0,0,1
2231,1,0,0,0,0,0,0,1
2232,1,0,0,0,0,0,0,1
2233,1,0,0,0,0,0,0,1
2234,1,0,0,0,0,0,0,1
2235,1,0,0,0,0,0,0,1
2236,1,0,0,0,0,0,0,1
2237,1,0,0,0,0,0,0,1
2238,1,0,0,0,0,0,0,1
2239,1,0,0,0,0,0,0,1
2240,1,0,0,0,0,0,0,1
2241,1,0,0,0,0,0,0,1
2242,1,0,0,0,0,0,0,1
2243,1,0,0,0,0,0,0,1
2244,1,0,0,0,0,0,0,1
2245,1,0,0,0,0,0,0,1
2246,1,0,0,0,0,0,0,1
2247,1,0,0,0,0,0,0,1
2248,1,0,0,0,0,0,0,1
2249,1,0,0,0,0,0,0,1
2250,1,0,0,0,0,0,0,1
2251,1,0,0,0,0,0,0,1
2252,1,0,0,0,0,0,0,1
2253,1,0,0,0,0,0,0,1
2254,1,0,0,0,0,0,0,1
2255,1,0,0,0,0,0,0,1
2256,1,0,0,0,0,0,0,1
2257,1,0,0,0,0,0,0,1
2258,1,0,0,0,0,0,0,1
2259,1,0,0,0,0,0,0,1
2260,1,0,0,0,0,0,0,1
2261,1,0,0,0,0,0,0,1
2262,1,0,0,0,0,0,0,1
2263,1,0,0,0,0,0,0,1
2264,1,0,0,0,0,0,0,1
2265,1,0,0,0,0,0,0,1
2266,1,0,0,0,0,0,0,1
2267,1,0,0,0,0,0,0,1
2268,1,0,0,0,0,0,0,1
2269,1,0,0,0,0,0,0,1
2270,1,0,0,0,0,0,0,1
2271,1,0,0,0,0,0,0,1
2272,1,0,0,0,0,0,0,1
2273,0,0,0,0,0,0,0,0
2274,0,0,0,0,0,0,0,0
2275,0,0,0,0,0,0,0,0
2276,0,0,0,0,0,0,0,0
2277,0,0,0,0,0,0,0,0
2278,0,0,0,0,0,0,0,0
2279,0,0,0,0,0,0,0,0
2280,0,0,0,0,0,0,0,0
2281,0,0,0,0,0,0,0,0
2282,0,0,0,0,0,0,0,0
2283,0,0,0,0,0,0,0,0
2284,0,0,0,0,0,0,0,0
2285,0,0,0,0,0,0,0,0
2286,0,0,0,0,0,0,0,0
2287,0,0,0,0,0,0,0,0
2288,0,0,0,0,0,0,0,0
2289,0,0,0,0,0,0,0,0
2290,0,0,0,0,0,0,0,0
2291,0,0,0,0,0,0,0,0
2292,0,0,0,0,0,0,0,0
2293,0,0,0,0,0,0,0,0
2294,0,0,0,0,0,0,0,0
2295,0,0,0,0,0,0,0,0
2296,0,0,0,0,0,0,0,0
2297,0,0,0,0,0,0,0,0
2298,0,0,0,0,0,0,0,0
2299,0,0,0,0,0,0,0,0
2300,0,0,0,0,0,0,0,0
2301,0,0,0,0,0,0,0,0
2302,0,0,0,0,0,0,0,0
2303,0,0,0,0,0,0,0,0
2304,0,0,0,0,0,0,0,0
2305,0,0,0,0,0,0,0,0
2306,0,0,0,0,0,0,0,0
2307,0,0,0,0,0,0,0,0
2308,0,0,0,0,0,0,0,0
2309,0,0,0,0,0,0,0,0
2310,0,0,0,0,0,0,0,0
2311,0,0,0,0,0,0,0,0
2312,0,0,0,0,0,0,0,0
2313,0,0,0,0,0,0,0,0
2314,0,0,0,0,0,0,0,0
2315,0,0,0,0,0,0,0,0
2316,0,0,0,0,0,0,0,0
2317,0,0,0,0,0,0,0,0
2318,0,0,0,0,0,0,0,0
2319,0,0,0,0,0,0,0,0
2320,0,0,0,0,0,0,0,0
2321,0,0,0,0,0,0,0,0
2322,0,0,0,0,0,0,0,0
2323,0,0,0,0,0,0,0,0
2324,0,0,0,0,0,0,0,0
2325,0,0,0,0,0,0,0,0
2326,0,0,0,0,0,0,0,0
2327,0,0,0,0,0,0,0,0
2328,0,0,0,0,0,0,0,0
2329,0,0,0,0,0,0,0,0
2330,0,0,1,1,0,0,0,2
2331,0,0,1,1,0,0,0,2
2332,0,0,1,1,0,0,0,2
2333,0,0,1,1,0,0,0,2
2334,0,0,1,1,0,0,0,2
2335,0,0,1,1,0,0,0,2
2336,0,0,1,1,0,0,0,2
2337,0,0,1,1,0,0,0,2
2338,0,0,1,1,0,0,0,2
2339,0,0,1,1,0,0,0,2
2340,0,0,1,1,0,0,0,2
2341,0,0,1,1,0,0,0,2
2342,0,0,1,1,0,0,0,2
2343,0,0,1,1,0,0,0,2
2344,0,0,1,1,0,0,0,2
2345,0,0,1,1,0,0,0,2
2346,0,0,1,1,0,0,0,2
2347,0,0,1,1,0,0,0,2
2348,0,0,1,1,0,0,0,2
2349,0,0,1,1,0,0,0,2
2350,0,0,1,1,0,0,0,2
2351,0,0,1,1,0,0,0,2
2352,0,0,1,1,0,0,0,2
2353,0,0,1,1,0,0,0,2
2354,0,0,1,1,0,0,0,2
2355,0,0,1,1,0,0,0,2
2356,0,0,1,1,0,0,0,2
2357,0,0,1,1,0,0,0,2
2358,0,0,1,1,0,0,0,2
2359,0,0,1,1,0,0,0,2
2360,0,0,1,1,0,0,0,2
2361,0,0,1,1,0,0,0,2
2362,0,0,1,1,0,0,0,2
2363,0,0,1,1,0,0,0,2
2364,0,0,1,1,0,0,0,2
2365,0,0,1,1,0,0,0,2
2366,0,0,1,1,0,0,0,2
2367,0,0,1,1,0,0,0,2
2368,0,0,1,1,0,0,0,2
2369,0,0,1,1,0,0,0,2
2370,0,0,1,1,0,0,0,2
2371,0,0,1,1,0,0,0,2
2372,0,0,1,1,0,0,0,2
2373,0,0,1,1,0,0,0,2
2374,0,0,1,1,0,0,0,2
2375,0,0,1,1,0,0,0,2
2376,0,0,1,1,0,0,0,2
2377,0,0,1,1,0,0,0,2
2378,0,0,1,1,0,0,0,2
2379,0,0,1,1,0,0,0,2
2380,0,0,1,1,0,0,0,2
2381,0,0,1,1,0,0,0,2
2382,0,0,1,1,0,0,0,2
2383,0,0,1,1,0,0,0,2
2384,0,0,1,1,0,0,0,2
2385,0,0,1,1,0,0,0,2
2386,0,0,1,1,0,0,0,2
2387,0,0,1,1,0,0,0,2
2388,0,0,1,1,0,0,0,2
2389,0,0,1,1,0,0,0,2
2390,0,0,1,1,0,0,0,2
2391,0,0,1,1,0,0,0,2
2392,0,0,1,1,0,0,0,2
2393,0,0,1,1,0,0,0,2
2394,0,0,1,1,0,0,0,2
2395,0,0,1,1,0,0,0,2
2396,0,0,1,1,0,0,0,2
2397,0,0,1,1,0,0,0,2
2398,0,0,1,1,0,0,0,2
2399,0,0,1,1,0,0,0,2
2400,0,0,1,1,0,0,0,2
2401,0,0,1,1,0,0,0,2
2402,0,0,1,1,0,0,0,2
2403,0,0,1,1,0,0,0,2
2404,0,0,1,1,0,0,0,2
2405,0,0,1,1,0,0,0,2
2406,0,0,1,1,0,0,0,2
2407,0,0,1,1,0,0,0,2
2408,0,0,1,1,0,0,0,2
2409,0,0,1,1,0,0,0,2
2410,0,0,1,1,0,0,0,2
2411,0,0,1,1,0,0,0,2
2412,0,0,1,1,0,0,0,2
2413,0,0,1,1,0,0,0,2
2414,0,0,1,1,0,0,0,2
2415,0,0,1,1,0,0,0,2
2416,0,0,1,1,0,0,0,2
2417,0,0,1,1,0,0,0,2
2418,0,0,1,1,0,0,0,2
2419,0,0,1,1,0,0,0,2
2420,0,0,1,1,0,0,0,2
2421,0,0,1,1,0,0,0,2
2422,0,0,1,1,0,0,0,2
2423,0,0,1,1,0,0,0,2
2424,0,0,1,1,0,0,0,2
2425,0,0,1,1,0,0,0,2
2426,0,0,1,1,0,0,0,2
2427,0,0,1,1,0,0,0,2
2428,0,0,1,1,0,0,0,2
2429,0,0,1,1,0,0,0,2
2430,0,0,1,1,0,0,0,2
2431,0,0,1,1,0,0,0,2
2432,0,0,1,1,0,0,0,2
2433,0,0,1,1,0,0,0,2
2434,0,0,1,1,0,0,0,2
2435,0,0,1,1,0,0,0,2
2436,0,0,1,1,0,0,0,2
2437,0,0,1,1,0,0,0,2
2438,0,0,1,1,0,0,0,2
2439,0,0,1,1,0,0,0,2
2440,0,0,1,1,0,0,0,2
2441,0,0,1,1,0,0,0,2
2442,0,0,0,1,0,0,0,1
2443,0,0,0,1,0,0,0,1
2444,0,0,0,1,0,0,0,1
2445,0,0,0,1,0,0,0,1
2446,0,0,0,1,0,0,0,1
2447,0,0,0,1,0,0,0,1
2448,0,0,0,1,0,0,0,1
2449,0,0,0,1,0,0,0,1
2450,0,0,0,1,0,0,0,1
2451,0,0,0,0,0,0,0,0
2452,0,0,0,0,0,0,0,0
2453,0,0,0,0,0,0,0,0
2454,0,0,0,0,0,0,0,0
2455,0,0,0,0,0,0,0,0
2456,0,0,0,0,0,0,0,0
2457,0,0,0,0,0,0,0,0
2458,0,0,0,0,0,0,0,0
2459,0,0,0,0,0,0,0,0
2460,0,0,0,0,0,0,0,0
2461,0,0,0,0,0,0,0,0
2462,0,0,0,0,0,0,0,0
2463,0,0,0,0,0,0,0,0
2464,0,0,0,0,0,0,0,0
2465,0,0,0,0,0,0,0,0
2466,0,0,0,0,0,0,0,0
2467,0,0,0,0,0,0,0,0
2468,0,0,0,0,0,0,0,0
2469,0,0,0,0,0,0,0,0
2470,0,0,0,0,0,0,0,0
2471,0,0,0,0,0,0,0,0
2472,0,0,0,0,0,0,0,0
2473,0,0,0,0,0,0,0,0
2474,0,0,0,1,0,0,0,1
2475,0,0,0,1,0,0,0,1
2476,0,0,0,1,0,0,0,1
2477,0,0,0,1,0,0,0,1
2478,0,0,0,1,0,0,0,1
2479,0,0,0,1,0,0,0,1
2480,0,0,0,1,0,0,0,1
2481,0,0,0,0,0,0,0,0
2482,0,0,0,1,0,0,0,1
2483,0,0,0,1,0,0,0,1
2484,0,0,0,1,0,0,0,1
2485,0,0,0,1,0,0,0,1
2486,0,0,0,1,0,0,0,1
2487,0,0,0,1,0,0,0,1
2488,0,0,0,1,0,0,0,1
2489,0,0,0,1,0,0,0,1
2490,0,0,0,1,0,0,0,1
2491,0,0,0,0,0,0,0,0
2492,0,0,0,0,0,0,0,0
2493,0,0,0,1,0,0,0,1
2494,0,0,0,1,0,0,0,1
2495,0,0,0,1,0,0,0,1
2496,0,0,0,1,0,0,0,1
2497,0,0,0,1,0,0,0,1
2498,0,0,0,1,0,0,0,1
2499,0,0,0,1,0,0,0,1
2500,0,0,0,1,0,0,0,1
2501,0,0,0,0,0,0,0,0
2502,0,0,0,1,0,0,0,1
2503,0,0,0,1,0,0,0,1
2504,0,0,0,1,0,0,0,1
2505,0,0,0,1,0,0,0,1
2506,0,0,0,1,0,0,0,1
2507,0,0,0,1,0,0,0,1
2508,0,0,0,1,0,0,0,1
2509,0,0,0,1,0,0,0,1
2510,0,0,0,1,0,0,0,1
2511,0,0,0,1,0,0,0,1
2512,0,0,0,1,0,0,0,1
2513,0,0,0,1,0,0,0,1
2514,0,0,0,1,0,0,0,1
2515,0,0,0,1,0,0,0,1
2516,0,0,0,1,0,0,0,1
2517,0,0,0,1,0,0,0,1
2518,0,0,0,1,0,0,0,1
2519,0,0,0,1,0,0,0,1
2520,0,0,0,1,0,0,0,1
2521,0,0,0,1,0,0,0,1
2522,0,0,0,1,0,0,0,1
2523,0,0,0,1,0,0,0,1
2524,0,0,0,0,0,0,0,0
2525,0,0,0,0,0,0,0,0
2526,0,0,0,0,0,0,0,0
2527,0,0,0,0,0,0,0,0
2528,0,0,0,0,0,0,0,0
2529,0,0,0,0,0,0,0,0
2530,0,0,0,0,0,0,0,0
2531,0,0,0,0,0,0,0,0
2532,0,0,0,0,0,0,0,0
2533,0,0,0,0,0,0,0,0
2534,0,0,0,0,0,0,0,0
2535,0,0,0,0,0,0,0,0
2536,0,0,0,0,0,0,0,0
2537,0,0,0,0,0,0,0,0
2538,0,0,0,0,0,0,0,0
2539,0,0,0,0,0,0,0,0
2540,0,0,0,0,0,0,0,0
2541,0,0,0,0,0,0,0,0
2542,0,0,0,0,0,0,0,0
2543,0,0,0,0,0,0,0,0
2544,0,0,0,0,0,0,0,0
2545,0,0,0,0,0,0,0,0
2546,0,0,0,0,0,0,0,0
2547,0,0,0,0,0,0,0,0
2548,0,0,0,0,0,0,0,0
2549,0,0,0,0,0,0,0,0
2550,0,0,0,0,0,0,0,0
2551,0,0,0,0,0,0,0,0
2552,0,0,0,0,0,0,0,0
2553,0,0,0,0,0,0,0,0
2554,0,0,0,0,0,0,0,0
2555,0,0,0,0,0,0,0,0
2556,0,0,0,0,0,0,0,0
2557,0,0,0,0,0,0,0,0
2558,0,0,0,0,0,0,0,0
2559,0,0,0,0,0,0,0,0
2560,0,0,0,0,0,0,0,0
2561,0,0,0,0,0,0,0,0
2562,0,0,0,0,0,0,0,0
2563,0,0,0,0,0,0,0,0
2564,0,0,0,0,0,0,0,0
2565,0,0,0,0,0,0,0,0
2566,0,0,0,0,0,0,0,0
2567,0,0,0,0,0,0,0,0
2568,0,0,0,0,0,0,0,0
2569,0,0,0,0,0,0,0,0
2570,0,0,0,0,0,0,0,0
2571,0,0,0,0,0,0,0,0
2572,0,0,0,0,0,0,0,0
2573,0,0,0,0,0,0,0,0
2574,0,0,0,0,0,0,0,0
2575,0,0,0,0,0,0,0,0
2576,0,0,0,0,0,0,0,0
2577,0,0,0,0,0,0,0,0
2578,0,0,0,0,0,0,0,0
2579,0,0,0,0,0,0,0,0
2580,0,0,0,0,0,0,0,0
2581,0,0,0,0,0,0,0,0
2582,0,0,0,0,0,0,0,0
2583,0,0,0,0,0,0,0,0
2584,0,0,0,0,0,0,0,0
2585,0,0,0,0,0,0,0,0
2586,0,0,0,0,0,0,0,0
2587,0,0,0,0,0,0,0,0
2588,0,0,0,0,0,0,0,0
2589,0,0,0,0,0,0,0,0
2590,0,0,0,0,0,0,0,0
2591,0,0,0,0,0,0,0,0
2592,0,0,0,0,0,0,0,0
2593,0,0,0,0,0,0,0,0
2594,0,0,0,0,0,0,0,0
2595,0,0,0,0,0,0,0,0
2596,0,0,0,0,0,0,0,0
2597,0,0,0,0,0,0,0,0
2598,0,0,0,0,0,0,0,0
2599,0,0,0,0,0,0,0,0
2600,0,0,0,0,0,0,0,0
2601,0,0,0,0,0,0,0,0
2602,0,0,0,0,0,0,0,0
2603,0,0,0,0,0,0,0,0
2604,0,0,0,0,0,0,0,0
2605,0,0,0,0,0,0,0,0
2606,0,0,0,0,0,0,0,0
2607,0,0,0,0,0,0,0,0
2608,0,0,0,0,0,0,0,0
2609,0,0,0,0,0,0,0,0
2610,0,0,0,0,0,0,0,0
2611,0,0,0,0,0,0,0,0
2612,0,0,0,0,0,0,0,0
2613,0,0,0,0,0,0,0,0
2614,0,0,0,0,0,0,0,0
2615,0,0,0,0,0,0,0,0
2616,0,0,0,0,0,0,0,0
2617,0,0,0,0,0,0,0,0
2618,0,0,0,0,0,0,0,0
2619,0,0,0,0,0,0,0,0
2620,0,0,0,0,0,0,0,0
2621,0,0,0,0,0,0,0,0
2622,0,0,0,0,0,0,0,0
2623,0,0,0,0,0,0,0,0
2624,0,0,0,0,0,0,0,0
2625,0,0,0,0,0,0,0,0
2626,0,0,0,0,0,0,0,0
2627,0,0,0,0,0,0,0,0
2628,0,0,0,0,0,0,0,0
2629,0,0,0,0,0,0,0,0
2630,0,0,0,0,0,0,0,0
2631,0,0,0,0,0,0,0,0
2632,0,0,0,0,0,0,0,0
2633,0,0,0,0,0,0,0,0
2634,0,0,0,0,0,0,0,0
2635,0,0,0,0,0,0,0,0
2636,0,0,0,0,0,0,0,0
2637,0,0,0,0,0,0,0,0
2638,0,0,0,0,0,0,0,0
2639,0,0,0,0,0,0,0,0
2640,0,0,0,0,0,0,0,0
2641,0,0,0,0,0,0,0,0
2642,0,0,0,0,0,0,0,0
2643,0,0,0,0,0,0,0,0
2644,0,0,0,0,0,0,0,0
2645,0,0,0,0,0,0,0,0
2646,0,0,0,0,0,0,0,0
2647,0,0,0,0,0,0,0,0
2648,0,0,0,0,0,0,0,0
2649,0,0,0,0,0,0,0,0
2650,0,0,0,0,0,0,0,0
2651,0,0,0,0,0,0,0,0
2652,0,0,0,0,0,0,0,0
2653,0,0,0,0,0,0,0,0
2654,0,0,0,0,0,0,0,0
2655,0,0,0,0,0,0,0,0
2656,0,0,0,0,0,0,0,0
2657,0,0,0,0,0,0,0,0
2658,0,0,0,0,0,0,0,0
2659,0,0,0,0,0,0,0,0
2660,0,0,0,0,0,0,0,0
2661,0,0,0,0,0,0,0,0
2662,0,0,0,0,0,0,0,0
2663,0,0,0,0,0,0,0,0
2664,0,0,0,0,0,0,0,0
2665,0,0,0,0,0,0,0,0
2666,0,0,0,0,0,0,0,0
2667,0,0,0,0,0,0,0,0
2668,0,0,0,0,0,0,0,0
2669,0,0,0,0,0,0,0,0
2670,0,0,0,0,0,0,0,0
2671,0,0,0,0,0,0,0,0
2672,0,0,0,0,0,0,0,0
2673,0,0,0,0,0,0,0,0
2674,0,0,0,0,0,0,0,0
2675,0,0,0,0,0,0,0,0
2676,0,0,0,0,0,0,0,0
2677,0,0,0,0,0,0,0,0
2678,0,0,0,0,0,0,0,0
2679,0,0,0,0,0,0,0,0
2680,0,0,0,0,0,0,0,0
2681,0,0,0,1,0,0,0,1
2682,0,0,0,1,0,0,0,1
2683,0,0,0,1,0,0,0,1
2684,0,0,0,1,0,0,0,1
2685,0,0,0,1,0,0,0,1
2686,0,0,0,1,0,0,0,1
2687,0,0,0,1,0,0,0,1
2688,0,0,0,1,0,0,0,1
2689,0,0,0,1,0,0,0,1
2690,0,0,0,1,0,0,0,1
2691,0,0,0,1,0,0,0,1
2692,0,0,0,1,0,0,0,1
2693,0,0,0,1,0,0,0,1
2694,0,0,0,1,0,0,0,1
2695,0,0,1,1,0,0,0,2
2696,0,0,0,1,0,0,0,1
2697,0,0,1,1,0,0,0,2
2698,0,0,0,1,0,0,0,1
2699,0,0,0,1,0,0,0,1
2700,0,0,0,1,0,0,0,1
2701,0,0,0,1,0,0,0,1
2702,0,0,0,1,0,0,0,1
2703,0,0,0,1,0,0,0,1
2704,0,0,0,1,0,0,0,1
2705,0,0,0,1,0,0,0,1
2706,0,0,0,1,0,0,0,1
2707,0,0,0,1,0,0,0,1
2708,1,0,0,1,0,0,0,2
2709,0,0,0,1,0,0,0,1
2710,0,0,0,1,0,0,0,1
2711,0,0,0,1,0,0,0,1
2712,0,0,0,1,0,0,0,1
2713,1,0,0,1,0,0,0,2
2714,1,0,0,1,0,0,0,2
2715,0,0,0,1,0,0,0,1
2716,0,0,0,1,0,0,0,1
2717,0,0,0,1,0,0,0,1
2718,0,0,0,1,0,0,0,1
2719,0,0,0,1,0,0,0,1
2720,0,0,0,1,0,0,0,1
2721,1,0,0,1,0,0,0,2
2722,0,0,0,1,0,0,0,1
2723,0,0,0,1,0,0,0,1
2724,0,0,0,1,0,0,0,1
2725,0,0,0,1,0,0,0,1
2726,0,0,0,1,0,0,0,1
2727,0,0,0,1,0,0,0,1
2728,0,0,0,1,0,0,0,1
2729,0,0,0,1,0,0,0,1
2730,0,0,0,1,0,0,0,1
2731,0,0,0,1,0,0,0,1
2732,0,0,0,1,0,0,0,1
2733,1,0,0,1,0,0,0,2
2734,1,0,0,1,0,0,0,2
2735,1,0,0,1,0,0,0,2
2736,1,0,0,1,0,0,0,2
2737,0,0,0,1,0,0,0,1
2738,0,0,0,1,0,0,0,1
2739,0,0,0,1,0,0,0,1
2740,0,0,0,1,0,0,0,1
2741,0,0,0,1,0,0,0,1
2742,1,0,0,1,0,0,0,2
2743,1,0,0,1,0,0,0,2
2744,1,0,0,1,0,0,0,2
2745,1,0,0,1,0,0,0,2
2746,1,0,0,1,0,0,0,2
2747,1,0,0,1,0,0,0,2
2748,1,0,0,1,0,0,0,2
2749,1,0,0,1,0,0,0,2
2750,1,0,0,1,0,0,0,2
2751,1,0,0,1,0,0,0,2
2752,1,0,0,1,0,0,0,2
2753,1,0,0,1,0,0,0,2
2754,1,0,0,1,0,0,0,2
2755,1,0,0,1,0,0,0,2
2756,1,0,0,1,0,0,0,2
2757,1,0,0,1,0,0,0,2
2758,1,0,0,1,0,0,0,2
2759,0,0,0,1,0,0,0,1
2760,0,0,0,1,0,0,0,1
2761,0,0,0,1,0,0,0,1
2762,1,0,0,1,0,0,0,2
2763,0,0,0,1,0,0,0,1
2764,1,0,0,1,0,0,0,2
2765,1,0,0,1,0,0,0,2
2766,0,0,0,1,0,0,0,1
2767,0,0,0,1,0,0,0,1
2768,1,0,0,1,0,0,0,2
2769,1,0,0,1,0,0,0,2
2770,1,0,0,1,0,0,0,2
2771,1,0,0,1,0,0,0,2
2772,0,0,0,1,0,0,0,1
2773,1,0,0,1,0,0,0,2
2774,1,0,0,1,0,0,0,2
2775,1,0,0,1,0,0,0,2
2776,0,0,0,1,0,0,0,1
2777,0,0,0,1,0,0,0,1
2778,1,0,0,1,0,0,0,2
2779,1,0,0,1,0,0,0,2
2780,1,0,0,1,0,0,0,2
2781,1,0,0,1,0,0,0,2
2782,0,0,0,1,0,0,0,1
2783,0,0,0,1,0,0,0,1
2784,0,0,1,1,0,0,0,2
2785,0,0,0,1,0,0,0,1
2786,0,0,1,1,0,0,0,2
2787,0,0,1,1,0,0,0,2
2788,0,0,1,1,0,0,0,2
2789,0,0,1,1,0,0,0,2
2790,0,0,1,1,0,0,0,2
2791,0,0,1,1,0,0,0,2
2792,0,0,1,1,0,0,0,2
2793,0,0,1,1,0,0,0,2
2794,0,0,1,1,0,0,0,2
2795,0,0,1,1,0,0,0,2
2796,0,0,1,1,0,0,0,2
2797,0,0,1,1,0,0,0,2
2798,0,0,0,1,0,0,0,1
2799,0,0,0,1,0,0,0,1
2800,0,0,0,1,0,0,0,1
2801,0,0,0,1,0,0,0,1
2802,0,0,0,1,0,0,0,1
2803,0,0,0,1,0,0,0,1
2804,0,0,0,0,0,0,0,0
2805,0,0,0,0,0,0,0,0
2806,0,0,0,0,0,0,0,0
2807,0,0,0,0,0,0,0,0
2808,0,0,0,0,0,0,0,0
2809,0,0,0,0,0,0,0,0
2810,0,0,0,0,0,0,0,0
2811,0,0,0,0,0,0,0,0
2812,0,0,0,0,0,0,0,0
2813,0,0,0,0,0,0,0,0
2814,0,0,0,0,0,0,0,0
2815,0,0,0,0,0,0,0,0
2816,0,0,0,0,0,0,0,0
2817,0,0,0,0,0,0,0,0
2818,0,0,0,0,0,0,0,0
2819,0,0,0,0,0,0,0,0
2820,0,0,0,0,0,0,0,0
2821,0,0,0,0,0,0,0,0
2822,0,0,0,0,0,0,0,0
2823,0,0,0,0,0,0,0,0
2824,0,0,0,0,0,0,0,0
2825,0,0,0,0,0,0,0,0
2826,0,0,0,0,0,0,0,0
2827,0,0,0,0,0,0,0,0
2828,0,0,0,0,0,0,0,0
2829,0,0,0,0,0,0,0,0
2830,0,0,0,0,0,0,0,0
2831,0,0,0,0,0,0,0,0
2832,0,0,0,0,0,0,0,0
2833,0,0,0,0,0,0,0,0
2834,0,0,0,0,0,0,0,0
2835,0,0,0,0,0,0,0,0
2836,0,0,0,0,0,0,0,0
2837,0,0,0,0,0,0,0,0
2838,0,0,0,0,0,0,0,0
2839,0,0,0,0,0,0,0,0
2840,0,0,0,0,0,0,0,0
2841,0,0,0,0,0,0,0,0
2842,0,0,0,0,0,0,0,0
2843,0,0,0,0,0,0,0,0
2844,0,0,0,0,0,0,0,0
2845,0,0,0,0,0,0,0,0
2846,0,0,0,0,0,0,0,0
2847,0,0,0,0,0,0,0,0
2848,0,0,0,0,0,0,0,0
2849,0,0,0,0,0,0,0,0
2850,0,0,0,0,0,0,0,0
2851,0,0,0,0,0,0,0,0
2852,0,0,0,0,0,0,0,0
2853,0,0,0,0,0,0,0,0
2854,0,0,0,0,0,0,0,0
2855,0,0,0,0,0,0,0,0
2856,0,0,0,0,0,0,0,0
2857,0,0,0,0,0,0,0,0
2858,0,0,0,0,0,0,0,0
2859,0,0,0,0,0,0,0,0
2860,0,0,0,0,0,0,0,0
2861,0,0,0,0,0,0,0,0
2862,0,0,0,0,0,0,0,0
2863,0,0,0,0,0,0,0,0
2864,0,0,0,0,0,0,0,0
2865,0,0,0,0,0,0,0,0
2866,0,0,0,0,0,0,0,0
2867,0,0,0,0,0,0,0,0
2868,0,0,0,0,0,0,0,0
2869,0,0,0,0,0,0,0,0
2870,0,0,0,0,0,0,0,0
2871,0,0,0,0,0,0,0,0
2872,0,0,0,0,0,0,0,0
2873,0,0,0,0,0,0,0,0
2874,0,0,0,0,0,0,0,0
2875,0,0,0,0,0,0,0,0
2876,0,0,0,0,0,0,0,0
2877,0,0,0,0,0,0,0,0
2878,0,0,0,0,0,0,0,0
2879,0,0,0,0,0,0,0,0
2880,0,0,0,0,0,0,0,0
2881,0,0,0,0,0,0,0,0
2882,0,0,0,0,0,0,0,0
2883,0,0,0,0,0,0,0,0
2884,0,0,0,0,0,0,0,0
2885,0,0,0,0,0,0,0,0
2886,0,0,0,0,0,0,0,0
2887,0,0,0,0,0,0,0,0
2888,0,0,0,0,0,0,0,0
2889,0,0,0,0,0,0,0,0
2890,0,0,0,0,0,0,0,0
2891,0,0,0,0,0,0,0,0
2892,0,0,0,0,0,0,0,0
2893,0,0,0,0,0,0,0,0
2894,0,0,0,0,0,0,0,0
2895,0,0,0,0,0,0,0,0
2896,0,0,0,0,0,0,0,0
2897,0,0,0,0,0,0,0,0
2898,0,0,0,0,0,0,0,0
2899,0,0,0,0,0,0,0,0
2900,0,0,0,0,0,0,0,0
2901,0,0,0,0,0,0,0,0
2902,0,0,0,0,0,0,0,0
2903,0,0,0,0,0,0,0,0
2904,0,0,0,0,0,0,0,0
2905,0,0,0,0,0,0,0,0
2906,0,0,0,0,0,0,0,0
2907,0,0,0,0,0,0,0,0
2908,0,0,0,0,0,0,0,0
2909,0,0,0,0,0,0,0,0
2910,0,0,0,0,0,0,0,0
2911,0,0,0,0,0,0,0,0
2912,0,0,0,0,0,0,0,0
2913,0,0,0,0,0,0,0,0
2914,0,0,0,0,0,0,0,0
2915,0,0,0,0,0,0,0,0
2916,0,0,0,0,1,0,0,1
2917,0,0,0,0,1,0,0,1
2918,0,0,0,0,1,0,0,1
2919,0,0,0,0,1,0,0,1
2920,0,0,0,0,1,0,0,1
2921,0,0,0,0,1,0,0,1
2922,0,0,0,0,1,0,0,1
2923,0,0,0,0,1,0,0,1
2924,0,0,0,0,1,0,0,1
2925,0,0,0,0,1,0,0,1
2926,0,0,0,0,1,0,0,1
2927,0,0,0,0,1,0,0,1
2928,0,0,0,0,1,0,0,1
2929,0,0,0,0,1,0,0,1
2930,0,0,0,0,1,0,0,1
2931,0,0,0,0,1,0,0,1
2932,0,0,0,0,1,0,0,1
2933,0,0,0,0,1,0,0,1
2934,0,0,0,0,1,0,0,1
2935,0,0,0,0,1,0,0,1
2936,0,0,0,0,1,0,0,1
2937,0,0,0,0,1,0,0,1
2938,0,0,0,0,1,0,0,1
2939,0,0,0,0,1,0,0,1
2940,0,0,0,0,2,0,0,2
2941,0,0,0,0,1,0,0,1
2942,0,0,0,0,2,0,0,2
2943,0,0,0,0,2,0,0,2
2944,0,0,0,0,2,0,0,2
2945,0,0,0,0,2,0,0,2
2946,0,0,0,0,2,0,0,2
2947,0,0,0,0,2,0,0,2
2948,0,0,0,0,2,0,0,2
2949,0,0,0,0,2,0,0,2
2950,0,0,0,0,2,0,0,2
2951,0,0,0,0,2,0,0,2
2952,0,0,0,0,2,0,0,2
2953,0,0,0,0,2,0,0,2
2954,0,0,0,0,2,0,0,2
2955,0,0,0,0,2,0,0,2
2956,0,0,0,0,2,0,0,2
2957,0,0,0,0,2,0,0,2
2958,0,0,0,0,2,0,0,2
2959,0,0,0,0,2,0,0,2
2960,0,0,0,0,2,0,0,2
2961,0,0,0,0,2,0,0,2
2962,0,0,0,0,2,0,0,2
2963,0,0,0,0,1,0,0,1
2964,0,0,0,0,1,0,0,1
2965,0,0,0,0,1,0,0,1
2966,0,0,0,0,1,0,0,1
2967,0,0,0,0,1,0,0,1
2968,0,0,0,0,1,0,0,1
2969,0,0,0,0,1,0,0,1
2970,0,0,0,0,1,0,0,1
2971,0,0,0,0,1,0,0,1
2972,0,0,0,0,1,0,0,1
2973,0,0,0,0,1,0,0,1
2974,0,0,0,0,1,0,0,1
2975,0,0,0,0,1,0,0,1
2976,0,0,0,0,1,0,0,1
2977,0,0,0,0,1,0,0,1
2978,0,0,0,0,1,0,0,1
2979,0,0,0,0,1,0,0,1
2980,0,0,0,0,1,0,0,1
2981,0,0,0,0,1,0,0,1
2982,0,0,0,0,1,0,0,1
2983,0,0,0,0,1,0,0,1
2984,0,0,0,0,1,0,0,1
2985,0,0,0,0,1,0,1,2
2986,0,0,0,0,1,0,1,2
2987,0,0,0,0,1,0,1,2
2988,0,0,0,0,1,0,1,2
2989,0,0,0,0,1,0,1,2
2990,0,0,0,0,1,0,1,2
2991,0,0,0,0,1,0,1,2
2992,0,0,0,0,1,0,1,2
2993,0,0,0,0,1,0,1,2
2994,0,0,0,0,1,0,1,2
2995,0,0,0,0,1,0,1,2
2996,0,0,0,0,1,0,1,2
2997,0,0,0,0,1,0,0,1
2998,0,0,0,0,1,0,0,1
2999,0,0,0,0,1,0,1,2
3000,0,0,0,0,1,0,0,1
3001,0,0,0,0,1,0,0,1
3002,0,0,0,0,1,0,0,1
3003,0,0,0,0,1,0,0,1
3004,0,0,0,0,1,0,0,1
3005,0,0,0,0,1,0,1,2
3006,0,0,0,0,1,0,1,2
3007,0,0,0,0,1,0,0,1
3008,0,0,0,0,1,0,0,1
3009,0,0,0,0,1,0,1,2
3010,0,0,0,0,1,0,1,2
3011,0,0,0,0,1,0,1,2
3012,0,0,0,0,1,0,1,2
3013,0,0,0,0,1,0,0,1
3014,0,0,0,0,1,0,0,1
3015,0,0,0,0,1,0,1,2
3016,0,0,0,0,1,0,0,1
3017,0,0,0,0,1,0,1,2
3018,0,0,0,0,1,0,0,1
3019,0,0,0,0,1,0,0,1
3020,0,0,0,0,1,0,1,2
3021,0,0,0,0,1,0,0,1
3022,0,0,0,0,1,0,0,1
3023,0,0,0,0,1,0,0,1
3024,0,0,0,0,1,0,0,1
3025,0,0,0,0,1,0,0,1
3026,0,0,0,0,1,0,0,1
3027,0,0,0,0,1,0,0,1
3028,0,0,0,0,0,0,0,0
3029,0,0,0,0,0,0,0,0
3030,0,0,0,0,0,0,0,0
3031,0,0,0,0,0,0,0,0
3032,0,0,0,0,0,0,0,0
3033,0,0,0,0,0,0,0,0
3034,0,0,0,0,0,0,0,0
3035,0,0,0,0,0,0,0,0
3036,0,0,0,0,0,0,0,0
3037,0,0,0,0,0,0,0,0
3038,0,0,0,0,0,0,0,0
3039,0,0,0,0,0,0,0,0
3040,0,0,0,0,0,0,0,0
3041,0,0,0,0,0,0,0,0
3042,0,0,0,0,0,0,0,0
3043,0,0,0,0,0,0,0,0
3044,0,0,0,0,0,0,0,0
3045,0,0,0,0,0,0,0,0
3046,0,0,0,0,0,0,0,0
3047,0,0,0,0,0,0,0,0
3048,0,0,0,0,0,0,0,0
3049,0,0,0,0,0,0,0,0
3050,0,0,0,0,0,0,0,0
3051,0,0,0,0,0,0,0,0
3052,0,0,0,0,0,0,0,0
3053,0,0,0,0,0,0,0,0
3054,0,0,0,0,0,0,0,0
3055,0,0,0,0,0,0,0,0
3056,0,0,0,0,0,0,0,0
3057,0,0,0,0,0,0,0,0
3058,0,0,0,0,0,0,0,0
3059,0,0,0,0,0,0,0,0
3060,0,0,0,0,0,0,0,0
3061,0,0,0,0,0,0,0,0
3062,0,0,0,0,0,0,0,0
3063,0,0,0,0,0,0,0,0
3064,0,0,0,0,0,0,0,0
3065,0,0,0,0,0,0,0,0
3066,0,0,0,0,0,0,0,0
3067,0,0,0,0,0,0,0,0
3068,0,0,0,0,0,0,0,0
3069,0,0,0,0,0,0,0,0
3070,0,0,0,0,0,0,0,0
3071,0,0,0,0,0,0,0,0
3072,0,0,0,0,0,0,0,0
3073,0,0,0,0,0,0,0,0
3074,0,0,0,0,0,0,0,0
3075,0,0,0,0,0,0,0,0
3076,0,0,0,0,0,0,0,0
3077,1,0,0,0,0,0,0,1
3078,1,0,0,0,0,0,0,1
3079,1,0,0,0,0,0,0,1
3080,1,0,0,0,0,0,1,2
3081,1,0,0,0,0,0,1,2
3082,1,0,0,0,0,0,0,1
3083,1,0,0,0,0,0,0,1
3084,1,0,0,0,0,0,1,2
3085,1,0,0,0,0,0,1,2
3086,1,0,0,0,0,0,1,2
3087,1,0,0,0,0,0,1,2
3088,1,0,0,0,0,0,1,2
3089,1,0,0,0,0,0,1,2
3090,1,0,0,0,0,0,1,2
3091,1,0,0,0,0,0,0,1
3092,1,0,0,0,0,0,0,1
3093,1,0,0,0,0,0,0,1
3094,1,0,0,0,0,0,0,1
3095,1,0,0,0,0,0,0,1
3096,1,0,0,0,0,0,0,1
3097,1,0,0,0,0,0,0,1
3098,1,0,0,0,0,0,0,1
3099,1,0,0,0,0,0,0,1
3100,1,0,0,0,0,0,0,1
3101,1,0,0,0,0,0,0,1
3102,1,0,0,0,0,0,0,1
3103,1,0,0,0,0,0,0,1
3104,1,0,0,0,0,0,0,1
3105,1,0,0,0,0,0,0,1
3106,1,0,0,0,0,0,0,1
3107,1,0,0,0,0,0,0,1
3108,1,0,0,0,0,0,0,1
3109,1,0,0,0,0,0,0,1
3110,1,0,0,0,0,0,0,1
3111,1,0,0,0,0,0,0,1
3112,1,0,0,0,0,0,0,1
3113,1,0,0,0,0,0,0,1
3114,1,0,0,0,0,0,1,2
3115,1,0,0,0,0,0,1,2
3116,1,0,0,0,0,0,0,1
3117,1,0,0,0,0,0,1,2
3118,1,0,0,0,0,0,1,2
3119,1,0,0,0,0,0,1,2
3120,1,0,0,0,0,0,1,2
3121,1,0,0,0,0,0,1,2
3122,1,0,0,0,0,0,1,2
3123,1,0,0,0,0,0,1,2
3124,1,0,0,0,0,0,1,2
3125,1,0,0,0,0,0,1,2
3126,1,0,0,0,0,0,1,2
3127,1,0,0,0,0,0,1,2
3128,1,0,0,0,0,0,1,2
3129,1,0,1,0,0,0,1,3
3130,1,0,1,0,0,0,1,3
3131,1,0,1,0,0,0,1,3
3132,1,0,1,0,0,0,1,3
3133,1,0,1,0,0,0,1,3
3134,1,0,1,0,0,0,1,3
3135,1,0,1,1,0,0,1,4
3136,1,0,1,1,0,0,1,4
3137,1,0,1,1,0,0,1,4
3138,1,0,1,1,0,0,1,4
3139,1,0,1,1,0,0,1,4
3140,1,0,1,1,0,0,1,4
3141,1,0,1,1,0,0,1,4
3142,1,0,1,1,0,0,1,4
3143,1,0,1,1,0,0,1,4
3144,1,0,1,1,0,0,1,4
3145,1,0,1,1,0,0,1,4
3146,1,0,1,1,0,0,1,4
3147,1,0,1,1,0,0,1,4
3148,1,0,1,1,0,0,1,4
3149,1,0,1,1,0,0,1,4
3150,1,0,1,1,0,0,1,4
3151,1,0,1,1,0,0,1,4
3152,1,0,1,1,0,0,1,4
3153,1,0,1,1,0,0,1,4
3154,1,0,1,1,0,0,1,4
3155,1,0,1,1,0,0,1,4
3156,1,0,1,1,0,0,1,4
3157,1,0,1,1,0,0,1,4
3158,1,0,1,1,0,0,1,4
3159,1,0,1,1,0,0,1,4
3160,1,0,1,1,0,0,1,4
3161,1,0,1,1,0,0,1,4
3162,1,0,1,1,0,0,1,4
3163,1,0,1,1,0,0,1,4
3164,1,0,1,1,0,0,1,4
3165,1,0,1,1,0,0,1,4
3166,1,0,1,1,0,0,1,4
3167,1,0,1,1,0,0,1,4
3168,1,0,1,1,0,0,1,4
3169,1,0,1,1,0,0,1,4
3170,1,0,1,1,0,0,1,4
3171,1,0,1,1,0,0,1,4
3172,1,0,1,1,0,0,1,4
3173,1,0,1,1,0,0,1,4
3174,1,0,1,1,0,0,1,4
3175,1,0,1,1,0,0,1,4
3176,1,0,1,1,0,0,1,4
3177,1,0,1,1,0,0,1,4
3178,1,0,1,1,0,0,1,4
3179,1,0,1,1,0,0,1,4
3180,1,0,1,1,0,0,1,4
3181,1,0,1,1,0,0,1,4
3182,1,0,1,1,0,0,1,4
3183,1,0,1,1,0,0,1,4
3184,1,0,1,1,0,0,1,4
3185,1,0,1,1,0,0,1,4
3186,1,0,1,1,0,0,1,4
3187,1,0,1,1,0,0,1,4
3188,1,0,1,1,0,0,1,4
3189,1,0,1,1,0,0,1,4
3190,1,0,1,1,0,0,1,4
3191,1,0,1,1,0,0,1,4
3192,0,0,1,1,0,0,0,2
3193,0,0,1,1,0,0,0,2
3194,0,0,1,1,0,0,0,2
3195,0,0,1,1,0,0,0,2
3196,0,0,1,1,0,0,0,2
3197,0,0,1,1,0,0,0,2
3198,0,0,1,1,0,0,0,2
3199,0,0,1,1,0,0,0,2
3200,0,0,1,1,0,0,0,2
3201,0,0,1,1,0,0,0,2
3202,0,0,1,1,0,0,0,2
3203,0,0,1,1,0,0,0,2
3204,0,0,1,1,0,0,0,2
3205,0,0,1,1,0,0,0,2
3206,0,0,1,1,0,0,0,2
3207,0,0,1,1,0,0,0,2
3208,0,0,1,1,0,0,0,2
3209,0,0,1,1,0,0,0,2
3210,0,0,1,1,0,0,0,2
3211,0,0,0,1,0,0,0,1
3212,0,0,0,1,0,0,0,1
3213,0,0,0,1,0,0,0,1
3214,0,0,0,1,0,0,0,1
3215,0,0,0,1,0,0,0,1
3216,0,0,0,1,0,0,0,1
3217,0,0,0,1,0,0,0,1
3218,0,0,0,1,0,0,0,1
3219,0,0,0,1,0,0,0,1
3220,0,0,1,1,0,0,0,2
3221,0,0,1,1,0,0,0,2
3222,0,0,1,1,0,0,0,2
3223,0,0,1,1,0,0,0,2
3224,0,0,1,1,0,0,0,2
3225,0,0,1,1,0,0,0,2
3226,0,0,1,1,0,0,0,2
3227,0,0,1,1,0,0,0,2
3228,0,0,1,1,0,0,0,2
3229,0,0,1,1,0,0,0,2
3230,0,0,1,1,0,0,0,2
3231,0,0,1,1,0,0,0,2
3232,0,0,1,1,0,0,0,2
3233,0,0,0,1,0,0,0,1
3234,0,0,0,1,0,0,0,1
3235,0,0,0,1,0,0,0,1
3236,0,0,0,1,0,0,0,1
3237,0,0,0,1,0,0,0,1
3238,0,0,0,1,0,0,0,1
3239,0,0,0,1,0,0,0,1
3240,0,0,0,1,0,0,0,1
3241,0,0,0,1,0,0,0,1
3242,0,0,0,1,0,0,0,1
3243,0,0,0,1,0,0,0,1
3244,0,0,0,1,0,0,0,1
3245,0,0,0,1,0,0,0,1
3246,0,0,0,1,0,0,0,1
3247,0,0,0,1,0,0,0,1
3248,0,0,0,0,0,0,0,0
3249,0,0,0,0,0,0,0,0
3250,0,0,0,0,0,0,0,0
3251,0,0,0,0,0,0,0,0
3252,0,0,0,0,0,0,0,0
3253,0,0,0,0,0,0,0,0
3254,0,0,0,0,0,0,0,0
3255,0,0,0,0,0,0,0,0
3256,0,0,0,0,0,0,0,0
3257,0,0,0,0,0,0,0,0
3258,0,0,0,0,0,0,0,0
3259,0,0,0,0,0,0,0,0
3260,0,0,0,0,0,0,0,0
3261,0,0,0,1,0,0,0,1
3262,0,0,0,1,0,0,0,1
3263,0,0,0,1,0,0,0,1
3264,0,0,0,1,0,0,0,1
3265,0,0,0,1,0,0,0,1
3266,0,0,0,1,0,0,0,1
3267,0,0,0,1,0,0,0,1
3268,0,0,0,1,0,0,0,1
3269,0,0,0,1,0,0,0,1
3270,0,0,0,1,0,0,0,1
3271,0,0,0,1,0,0,0,1
3272,0,0,0,1,0,0,0,1
3273,0,0,0,1,0,0,0,1
3274,0,0,0,1,0,0,0,1
3275,0,0,0,1,0,0,0,1
3276,0,0,0,1,0,0,0,1
3277,0,0,0,1,0,0,0,1
3278,0,0,0,1,0,0,0,1
3279,0,0,0,1,0,0,0,1
3280,0,0,0,1,0,0,0,1
3281,0,0,0,1,0,0,0,1
3282,0,0,0,1,0,0,0,1
3283,0,0,0,1,0,0,0,1
3284,0,0,0,1,0,0,0,1
3285,0,0,0,1,0,0,0,1
3286,0,0,0,1,0,0,0,1
3287,0,0,0,1,0,0,0,1
3288,0,0,0,1,0,0,0,1
3289,0,0,0,1,0,0,0,1
3290,0,0,0,1,0,0,0,1
3291,0,0,0,1,0,0,0,1
3292,0,0,0,1,0,0,0,1
3293,0,0,0,1,0,0,0,1
3294,0,0,0,1,0,0,0,1
3295,0,0,0,1,0,0,0,1
3296,0,0,0,1,0,0,0,1
3297,0,0,0,1,0,0,0,1
3298,0,0,0,1,0,0,0,1
3299,0,0,0,1,0,0,0,1
3300,0,0,0,1,0,0,0,1
3301,0,0,0,1,0,0,0,1
3302,0,0,0,1,0,0,0,1
3303,0,0,0,1,0,0,0,1
3304,0,0,0,1,0,0,0,1
3305,0,0,0,1,0,0,0,1
3306,0,0,0,1,0,0,0,1
3307,0,0,0,1,0,0,0,1
3308,0,0,0,1,0,0,0,1
3309,0,0,0,1,0,0,0,1
3310,0,0,0,1,0,0,0,1
3311,0,0,0,1,0,0,0,1
3312,0,0,0,1,0,0,0,1
3313,0,0,0,1,0,0,0,1
3314,0,0,0,1,0,0,0,1
3315,0,0,0,1,0,0,0,1
3316,0,0,0,1,0,0,0,1
3317,0,0,0,1,0,0,0,1
3318,0,0,0,1,0,0,0,1
3319,0,0,0,1,0,0,0,1
3320,0,0,0,1,0,0,0,1
3321,0,0,0,1,0,0,0,1
3322,0,0,0,1,0,0,0,1
3323,0,0,0,1,0,0,0,1
3324,0,0,0,1,0,0,0,1
3325,0,0,0,1,0,0,0,1
3326,0,0,0,1,0,0,0,1
3327,0,0,0,1,0,0,0,1
3328,0,0,0,1,0,0,0,1
3329,0,0,0,1,0,0,0,1
3330,0,0,0,1,0,0,0,1
3331,0,0,0,1,0,0,0,1
3332,0,0,0,1,0,0,0,1
3333,0,0,0,1,0,0,0,1
3334,0,0,0,1,0,0,0,1
3335,0,0,0,1,0,0,0,1
3336,0,0,0,1,0,0,0,1
3337,0,0,0,1,0,0,0,1
3338,0,0,0,1,0,0,0,1
3339,0,0,0,1,0,0,0,1
3340,0,0,0,1,0,0,0,1
3341,0,0,0,1,0,0,0,1
3342,0,0,0,1,0,0,0,1
3343,0,0,0,1,0,0,0,1
3344,0,0,0,1,0,0,0,1
3345,0,0,0,1,0,0,0,1
3346,0,0,0,1,0,0,0,1
3347,0,0,0,1,0,0,0,1
3348,0,0,0,1,0,0,0,1
3349,0,0,0,1,0,0,0,1
3350,0,0,0,1,0,0,0,1
3351,0,0,0,1,0,0,0,1
3352,0,0,0,1,0,0,0,1
3353,0,0,0,1,0,0,0,1
3354,0,0,0,1,0,0,0,1
3355,0,0,0,1,0,0,0,1
3356,0,0,0,1,0,0,0,1
3357,0,0,0,1,0,0,0,1
3358,0,0,0,1,0,0,0,1
3359,0,0,0,1,0,0,0,1
3360,0,0,0,1,0,0,0,1
3361,0,0,0,1,0,0,0,1
3362,0,0,0,1,0,0,0,1
3363,0,0,0,1,0,0,0,1
3364,0,0,0,1,0,0,0,1
3365,0,0,0,1,0,0,0,1
3366,0,0,0,1,0,0,0,1
3367,0,0,0,1,0,0,0,1
3368,0,0,0,1,0,0,0,1
3369,0,0,0,1,0,0,0,1
3370,0,0,0,1,0,0,0,1
3371,0,0,0,1,0,0,0,1
3372,0,0,0,1,0,0,0,1
3373,0,0,0,1,0,0,0,1
3374,0,0,0,1,0,0,0,1
3375,0,0,0,1,0,0,0,1
3376,0,0,0,1,0,0,0,1
3377,0,0,0,1,0,0,0,1
3378,0,0,0,1,0,0,0,1
3379,0,0,0,1,0,0,0,1
3380,0,0,0,1,0,0,1,2
3381,0,0,0,1,0,0,1,2
3382,0,0,0,1,0,0,1,2
3383,0,0,0,1,0,0,1,2
3384,0,0,0,1,0,0,1,2
3385,0,0,0,1,0,0,2,3
3386,0,0,0,1,0,0,1,2
3387,0,0,0,1,0,0,1,2
3388,0,0,0,0,0,0,1,1
3389,0,0,0,0,0,0,1,1
3390,0,0,0,0,0,0,1,1
3391,0,0,0,0,0,0,1,1
3392,0,0,0,0,0,0,1,1
3393,0,0,0,0,0,0,1,1
3394,0,0,0,0,0,0,1,1
3395,0,0,0,0,0,0,1,1
3396,0,0,0,0,0,0,1,1
3397,0,0,0,0,0,0,1,1
3398,0,0,0,0,0,0,1,1
3399,0,0,0,0,0,0,1,1
3400,0,0,0,0,0,0,1,1
3401,0,0,0,0,0,0,1,1
3402,0,0,0,0,0,0,1,1
3403,0,0,0,0,0,0,1,1
3404,0,0,0,0,0,0,1,1
3405,0,0,0,0,0,0,1,1
3406,0,0,0,0,0,0,1,1
3407,0,0,0,0,0,0,1,1
3408,0,0,0,0,0,0,1,1
3409,0,0,0,0,0,0,1,1
3410,0,0,0,0,0,0,1,1
3411,0,0,0,0,0,0,1,1
3412,0,0,0,0,0,0,1,1
3413,0,0,0,0,0,0,1,1
3414,0,0,0,0,0,0,1,1
3415,0,0,0,0,0,0,1,1
3416,0,0,0,0,0,0,1,1
3417,0,0,0,1,0,0,1,2
3418,0,0,0,1,0,0,1,2
3419,0,0,0,1,0,0,1,2
3420,0,0,0,1,0,0,1,2
3421,0,0,0,1,0,0,1,2
3422,0,0,0,1,0,0,1,2
3423,0,0,0,1,0,0,1,2
3424,0,0,0,1,0,0,1,2
3425,0,0,0,1,0,0,1,2
3426,0,0,0,1,0,0,1,2
3427,0,0,0,1,0,0,1,2
3428,0,0,0,1,0,0,1,2
3429,0,0,0,1,0,0,1,2
3430,0,0,0,1,0,0,1,2
3431,0,0,0,1,0,0,1,2
3432,0,0,0,1,0,0,1,2
3433,0,0,0,0,0,0,1,1
3434,0,0,0,1,0,0,1,2
3435,0,0,0,1,0,0,1,2
3436,0,0,0,0,0,0,1,1
3437,0,0,0,1,0,0,1,2
3438,0,0,0,1,0,0,1,2
3439,0,0,0,1,0,0,1,2
3440,0,0,0,1,0,0,1,2
3441,0,0,0,1,0,0,1,2
3442,0,0,0,1,0,0,1,2
3443,0,0,0,1,0,0,1,2
3444,0,0,0,1,0,0,1,2
3445,0,0,0,1,0,0,1,2
3446,0,0,0,1,0,0,1,2
3447,0,0,0,1,0,0,1,2
3448,0,0,0,1,0,0,1,2
3449,0,0,0,1,0,0,1,2
3450,0,0,0,1,0,0,1,2
3451,0,0,0,1,0,0,1,2
3452,0,0,0,1,0,0,1,2
3453,0,0,0,1,0,0,1,2
3454,0,0,0,1,0,0,1,2
3455,0,0,0,1,0,0,1,2
3456,0,0,0,1,0,0,1,2
3457,0,0,0,1,0,0,1,2
3458,0,0,0,1,0,0,1,2
3459,0,0,0,1,0,0,1,2
3460,0,0,0,1,0,0,1,2
3461,0,0,0,1,0,0,1,2
3462,0,0,0,1,0,0,1,2
3463,0,0,0,1,0,0,1,2
3464,0,0,0,1,0,0,1,2
3465,0,0,0,1,0,0,1,2
3466,0,0,0,0,0,0,1,1
3467,0,0,0,1,0,0,1,2
3468,0,0,0,1,0,0,1,2
3469,0,0,0,1,0,0,1,2
3470,0,0,0,1,0,0,1,2
3471,0,0,0,1,0,0,1,2
3472,0,0,0,1,0,0,1,2
3473,0,0,0,1,0,0,1,2
3474,0,0,0,1,0,0,1,2
3475,0,0,0,1,0,0,1,2
3476,0,0,0,1,0,0,1,2
3477,0,0,0,1,0,0,1,2
3478,0,0,0,1,0,0,1,2
3479,0,0,0,1,0,0,1,2
3480,0,0,0,1,0,0,1,2
3481,0,0,0,1,0,0,1,2
3482,0,0,0,1,0,0,1,2
3483,0,0,0,1,0,0,1,2
3484,0,0,0,1,0,0,1,2
3485,0,0,0,1,0,0,1,2
3486,0,0,0,1,0,0,1,2
3487,0,0,0,1,0,0,1,2
3488,0,0,0,1,0,0,1,2
3489,0,0,0,1,0,0,1,2
3490,0,0,0,1,0,0,1,2
3491,0,0,0,1,0,0,1,2
3492,0,0,0,1,0,0,1,2
3493,0,0,0,1,0,0,1,2
3494,0,0,0,1,0,0,1,2
3495,0,0,0,1,0,0,1,2
3496,0,0,0,1,0,0,1,2
3497,0,0,0,1,0,0,1,2
3498,0,0,0,1,0,0,1,2
3499,0,0,0,1,0,0,1,2
3500,0,0,0,1,0,0,1,2
3501,0,0,0,0,0,0,1,1
3502,0,0,0,0,0,0,1,1
3503,0,0,0,0,0,0,1,1
3504,0,0,0,0,0,0,1,1
3505,0,0,0,0,0,0,1,1
3506,0,0,0,0,0,0,1,1
3507,0,0,0,0,0,0,1,1
3508,0,0,0,0,0,0,1,1
3509,0,0,0,0,0,0,0,0
3510,0,0,0,0,0,0,0,0
3511,0,0,0,0,0,0,0,0
3512,0,0,0,0,0,0,0,0
3513,0,0,0,0,0,0,0,0
3514,0,0,0,0,0,0,0,0
3515,0,0,0,0,0,0,0,0
3516,0,0,0,0,0,0,0,0
3517,0,0,0,0,0,0,0,0
3518,0,0,0,0,0,0,0,0
3519,0,0,0,0,0,0,0,0
3520,0,0,0,0,0,0,0,0
3521,0,0,0,0,0,0,0,0
3522,0,0,0,0,0,0,0,0
3523,0,0,0,0,0,0,0,0
3524,0,0,0,0,0,0,0,0
3525,0,0,0,0,0,0,0,0
3526,0,0,0,0,0,0,0,0
3527,0,0,0,0,0,0,0,0
3528,0,0,0,0,0,0,0,0
3529,0,0,0,0,0,0,0,0
3530,0,0,0,0,0,0,0,0
3531,0,0,0,0,0,0,0,0
3532,0,0,0,0,0,0,0,0
3533,0,0,0,0,0,0,0,0
3534,0,0,0,0,0,0,0,0
3535,0,0,0,0,0,0,0,0
3536,0,0,0,0,0,0,0,0
3537,0,0,0,0,0,0,0,0
3538,0,0,0,0,0,0,0,0
3539,0,0,0,0,0,0,0,0
3540,0,0,0,0,0,0,0,0
3541,0,0,0,0,0,0,0,0
3542,0,0,0,0,0,0,0,0
3543,0,0,0,0,0,0,0,0
3544,0,0,0,0,0,0,0,0
3545,0,0,0,0,0,0,0,0
3546,0,0,0,0,0,0,0,0
3547,0,0,0,0,0,0,0,0
3548,0,0,0,0,0,0,0,0
3549,0,0,0,0,0,0,0,0
3550,0,0,0,0,0,0,0,0
3551,0,0,0,0,0,0,0,0
3552,0,0,0,0,0,0,0,0
3553,0,0,0,0,0,0,0,0
3554,0,0,0,0,0,0,0,0
3555,0,0,0,0,0,0,0,0
3556,0,0,0,0,0,0,0,0
3557,0,0,0,0,0,0,0,0
3558,0,0,0,0,0,0,0,0
3559,0,0,0,0,0,0,0,0
3560,0,0,0,0,0,0,0,0
3561,0,0,0,0,0,0,0,0
3562,0,0,0,0,0,0,0,0
3563,0,0,0,0,0,0,0,0
3564,0,0,0,0,0,0,0,0
3565,0,0,0,0,0,0,0,0
3566,0,0,0,0,0,0,0,0
3567,0,0,0,0,0,0,0,0
3568,0,0,0,0,0,0,0,0
3569,0,0,0,0,0,0,0,0
3570,0,0,0,0,0,0,0,0
3571,0,0,0,0,0,0,0,0
3572,0,0,0,0,0,0,0,0
3573,0,0,0,0,0,0,0,0
3574,0,0,0,0,0,0,0,0
3575,0,0,0,0,0,0,0,0
3576,0,0,0,0,0,0,0,0
3577,0,0,0,0,0,0,0,0
3578,0,0,0,0,0,0,0,0
3579,0,0,0,0,0,0,0,0
3580,0,0,0,0,0,0,0,0
3581,0,0,0,0,0,0,0,0
3582,0,0,0,0,0,0,0,0
3583,0,0,0,0,0,0,0,0
3584,0,0,0,0,0,0,0,0
3585,0,0,0,0,0,0,0,0
3586,0,0,0,0,0,0,0,0
3587,0,0,0,0,0,0,0,0
3588,0,0,0,0,0,0,0,0
3589,0,0,0,0,0,0,0,0
3590,0,0,0,0,0,0,0,0
3591,0,0,0,1,0,0,0,1
3592,0,0,0,0,0,0,0,0
3593,0,0,0,0,0,0,0,0
3594,0,0,0,0,0,0,0,0
3595,0,0,0,0,0,0,0,0
3596,0,0,0,0,0,0,0,0
3597,0,0,0,0,0,0,0,0
3598,0,0,0,0,0,0,0,0
3599,0,0,0,0,0,0,0,0
3600,0,0,0,0,0,0,0,0
3601,0,0,0,0,0,0,0,0
3602,0,0,0,0,0,0,0,0
3603,0,0,0,0,0,0,0,0
3604,0,0,0,0,0,0,0,0
3605,0,0,0,0,0,0,0,0
3606,0,0,0,0,0,0,0,0
3607,0,0,0,0,0,0,0,0
3608,0,0,0,0,0,0,0,0
3609,0,0,0,0,0,0,0,0
3610,0,0,0,0,0,0,0,0
3611,0,0,0,0,0,0,0,0
3612,0,0,0,0,0,0,0,0
3613,0,0,0,0,0,0,0,0
3614,0,0,0,0,0,0,0,0
3615,0,0,0,0,0,0,0,0
3616,0,0,0,0,0,0,0,0
3617,0,0,0,0,0,0,0,0
3618,0,0,0,0,0,0,0,0
3619,0,0,0,0,0,0,0,0
3620,0,0,0,0,0,0,0,0
3621,0,0,0,0,0,0,0,0
3622,0,0,0,0,0,0,0,0
3623,0,0,0,0,0,0,0,0
3624,0,0,0,0,0,0,0,0
3625,0,0,0,0,0,0,0,0
3626,0,0,0,0,0,0,0,0
3627,0,0,0,0,0,0,0,0
3628,0,0,0,0,0,0,0,0
3629,0,0,0,0,0,0,0,0
3630,0,0,0,0,0,0,0,0
3631,0,0,0,0,0,0,0,0
3632,0,0,0,0,0,0,0,0
3633,0,0,0,0,0,0,0,0
